LP_HB_NH_O,LP_Elec_OH_N,LP_CH_O,LP_CH_N,LP_CH_S,LP_CH_PI,LP_S_O,LP_vdW,LS1_HB_OH_O,LS1_HB_NH_O,LS1_HB_OH_N,LS1_Elec_OH_O,LS1_Elec_NH_O,LS1_CH_O,LS1_vdW,S1P_HB_OH_O,S1P_HB_NH_O,S1P_Elec_OH_O,S1P_Elec_NH_O,S1P_Elec_OH_N,S1P_CH_O,S1P_vdW,dist,interaction_label,molcular_type,chain,residue,residue_number,atom_name,atom_number,atom_type,partner_molcular_type,partner_chain,partner_residue,partner_residue_number,partner_atom_name,partner_atom_number,partner_atom_type
0,0,0,0,0,1,0,0,0,0,0,0,0,0,0,0,0,0,0,0,0,0,3.8863,CH_PI,ligand,A,VHE,1,C2,3350,C.ar,protein,A,LEU,107,CD1,1526,C.3
0,0,0,0,0,0,0,1,0,0,0,0,0,0,0,0,0,0,0,0,0,0,3.6243,vdW,ligand,A,VHE,1,C3,3351,C.ar,protein,A,LEU,107,CG,1524,C.3
0,0,0,0,0,1,0,0,0,0,0,0,0,0,0,0,0,0,0,0,0,0,3.4435,CH_PI,ligand,A,VHE,1,C3,3351,C.ar,protein,A,LEU,107,CD1,1526,C.3
0,0,0,0,0,0,0,1,0,0,0,0,0,0,0,0,0,0,0,0,0,0,3.4865,vdW,ligand,A,VHE,1,C3,3351,C.ar,protein,A,PHE,138,CB,1953,C.3
0,0,0,0,0,0,0,1,0,0,0,0,0,0,0,0,0,0,0,0,0,0,3.3642,vdW,ligand,A,VHE,1,C3,3351,C.ar,protein,A,PHE,138,CG,1956,C.ar
0,0,0,0,0,0,0,1,0,0,0,0,0,0,0,0,0,0,0,0,0,0,3.5462,vdW,ligand,A,VHE,1,C3,3351,C.ar,protein,A,PHE,138,CD1,1957,C.ar
0,0,0,0,0,1,0,0,0,0,0,0,0,0,0,0,0,0,0,0,0,0,3.9120,CH_PI,ligand,A,VHE,1,C3,3351,C.ar,protein,A,PHE,138,CD2,1959,C.ar
0,0,0,0,0,0,0,1,0,0,0,0,0,0,0,0,0,0,0,0,0,0,3.6337,vdW,ligand,A,VHE,1,C4,3353,C.ar,protein,A,PHE,138,CB,1953,C.3
0,0,0,0,0,0,0,0,0,0,0,0,0,0,1,0,0,0,0,0,0,0,3.4859,vdW,ligand,A,VHE,1,C6,3355,C.ar,solvent,A,HOH,6,O,3402,O.3
0,0,0,0,0,0,0,0,0,0,0,0,0,1,0,0,0,0,0,0,0,0,3.7870,CH_O,ligand,A,VHE,1,C6,3355,C.ar,solvent,A,HOH,313,O,3633,O.3
0,0,1,0,0,0,0,0,0,0,0,0,0,0,0,0,0,0,0,0,0,0,3.3901,CH_O,ligand,A,VHE,1,C8,3358,C.3,protein,A,ASN,106,O,1506,O.2
0,0,0,0,0,0,0,1,0,0,0,0,0,0,0,0,0,0,0,0,0,0,4.1366,vdW,ligand,A,VHE,1,C8,3358,C.3,protein,A,LEU,107,CG,1524,C.3
0,0,0,0,0,0,0,1,0,0,0,0,0,0,0,0,0,0,0,0,0,0,3.4996,vdW,ligand,A,VHE,1,C8,3358,C.3,protein,A,PHE,138,CB,1953,C.3
0,0,0,0,0,0,0,0,0,0,0,0,0,0,1,0,0,0,0,0,0,0,3.8806,vdW,ligand,A,VHE,1,C8,3358,C.3,solvent,A,HOH,260,O,3474,O.3
0,0,0,0,0,0,0,0,0,0,0,0,0,0,1,0,0,0,0,0,0,0,3.9690,vdW,ligand,A,VHE,1,C8,3358,C.3,solvent,A,HOH,305,O,3609,O.3
0,0,0,0,0,0,0,0,1,0,0,0,0,0,0,0,0,0,0,0,0,0,2.8956,HB_OH_O,ligand,A,VHE,1,O9,3362,O.2,solvent,A,HOH,260,O,3474,O.3
0,0,0,0,0,0,0,0,1,0,0,0,0,0,0,0,0,0,0,0,0,0,2.8175,HB_OH_O,ligand,A,VHE,1,O9,3362,O.2,solvent,A,HOH,522,O,4182,O.3
0,0,0,0,0,0,0,0,0,1,0,0,0,0,0,0,0,0,0,0,0,0,2.9957,HB_NH_O,ligand,A,VHE,1,N10,3363,N.am,solvent,A,HOH,6,O,3402,O.3
0,0,0,0,0,0,0,1,0,0,0,0,0,0,0,0,0,0,0,0,0,0,4.1435,vdW,ligand,A,VHE,1,C11,3365,C.3,protein,A,MET,98,CE,1387,C.3
0,0,0,0,0,0,0,1,0,0,0,0,0,0,0,0,0,0,0,0,0,0,3.9816,vdW,ligand,A,VHE,1,C11,3365,C.3,protein,A,LEU,107,CD2,1530,C.3
0,0,0,0,0,0,0,1,0,0,0,0,0,0,0,0,0,0,0,0,0,0,3.6557,vdW,ligand,A,VHE,1,C11,3365,C.3,protein,A,PHE,138,CD1,1957,C.ar
0,0,0,0,0,0,0,1,0,0,0,0,0,0,0,0,0,0,0,0,0,0,4.1233,vdW,ligand,A,VHE,1,C11,3365,C.3,protein,A,VAL,150,CG1,2150,C.3
0,0,0,0,0,0,0,1,0,0,0,0,0,0,0,0,0,0,0,0,0,0,4.2468,vdW,ligand,A,VHE,1,C11,3365,C.3,protein,A,VAL,150,CG2,2154,C.3
0,0,0,0,0,0,0,0,0,0,0,0,0,0,1,0,0,0,0,0,0,0,3.2575,vdW,ligand,A,VHE,1,C11,3365,C.3,solvent,A,HOH,240,O,3414,O.3
0,0,0,0,0,0,0,1,0,0,0,0,0,0,0,0,0,0,0,0,0,0,3.7315,vdW,ligand,A,VHE,1,C13,3370,C.ar,protein,A,MET,98,CE,1387,C.3
0,0,0,0,0,0,0,0,0,0,0,0,0,0,1,0,0,0,0,0,0,0,3.6503,vdW,ligand,A,VHE,1,C13,3370,C.ar,solvent,A,HOH,6,O,3402,O.3
0,0,0,1,0,0,0,0,0,0,0,0,0,0,0,0,0,0,0,0,0,0,3.4605,CH_N,ligand,A,VHE,1,N15,3373,N.ar,protein,A,ALA,55,CB,698,C.3
0,1,0,0,0,0,0,0,0,0,0,0,0,0,0,0,0,0,0,0,0,0,3.4188,Elec_OH_N,ligand,A,VHE,1,N15,3373,N.ar,protein,A,THR,184,OG1,2640,O.3
0,0,0,0,0,0,0,0,0,0,1,0,0,0,0,0,0,0,0,0,0,0,2.8793,HB_OH_N,ligand,A,VHE,1,N15,3373,N.ar,solvent,A,HOH,5,O,3399,O.3
0,0,0,1,0,0,0,0,0,0,0,0,0,0,0,0,0,0,0,0,0,0,3.8211,CH_N,ligand,A,VHE,1,N17,3375,N.ar,protein,A,ASN,51,CB,650,C.3
0,0,0,0,0,0,0,0,0,0,1,0,0,0,0,0,0,0,0,0,0,0,2.9168,HB_OH_N,ligand,A,VHE,1,N17,3375,N.ar,solvent,A,HOH,240,O,3414,O.3
0,0,0,0,0,0,0,1,0,0,0,0,0,0,0,0,0,0,0,0,0,0,3.5201,vdW,ligand,A,VHE,1,N18,3376,N.pl3,protein,A,SER,52,OG,667,O.3
1,0,0,0,0,0,0,0,0,0,0,0,0,0,0,0,0,0,0,0,0,0,2.8120,HB_NH_O,ligand,A,VHE,1,N18,3376,N.pl3,protein,A,ASP,93,OD2,1326,O.co2
0,0,0,1,0,0,0,0,0,0,0,0,0,0,0,0,0,0,0,0,0,0,3.7624,CH_N,ligand,A,VHE,1,N18,3376,N.pl3,protein,A,THR,184,CB,2638,C.3
0,0,0,0,0,0,0,0,0,0,0,0,0,0,1,0,0,0,0,0,0,0,3.7306,vdW,ligand,A,VHE,1,N18,3376,N.pl3,solvent,A,HOH,240,O,3414,O.3
0,0,0,0,0,0,0,0,0,1,0,0,0,0,0,0,0,0,0,0,0,0,3.1578,HB_NH_O,ligand,A,VHE,1,N18,3376,N.pl3,solvent,A,HOH,248,O,3438,O.3
0,0,0,0,0,0,0,0,0,0,0,0,1,0,0,0,0,0,0,0,0,0,3.3258,Elec_NH_O,ligand,A,VHE,1,N18,3376,N.pl3,solvent,A,HOH,256,O,3462,O.3
0,0,1,0,0,0,0,0,0,0,0,0,0,0,0,0,0,0,0,0,0,0,3.5650,CH_O,ligand,A,VHE,1,C19,3379,C.3,protein,A,ASN,106,OD1,1511,O.2
0,0,0,0,0,0,0,0,0,0,0,0,0,1,0,0,0,0,0,0,0,0,3.5121,CH_O,ligand,A,VHE,1,C19,3379,C.3,solvent,A,HOH,305,O,3609,O.3
0,0,0,0,0,0,0,0,0,0,0,0,0,0,1,0,0,0,0,0,0,0,3.7488,vdW,ligand,A,VHE,1,C19,3379,C.3,solvent,A,HOH,522,O,4182,O.3
0,0,1,0,0,0,0,0,0,0,0,0,0,0,0,0,0,0,0,0,0,0,3.6057,CH_O,ligand,A,VHE,1,C20,3382,C.3,protein,A,ASN,106,OD1,1511,O.2
0,0,0,0,0,0,0,0,0,0,0,0,0,0,1,0,0,0,0,0,0,0,3.6375,vdW,ligand,A,VHE,1,C20,3382,C.3,solvent,A,HOH,6,O,3402,O.3
0,0,0,0,0,0,0,1,0,0,0,0,0,0,0,0,0,0,0,0,0,0,3.9521,vdW,ligand,A,VHE,1,C21,3385,C.3,protein,A,LYS,58,NZ,751,N.4
0,0,0,0,0,0,0,0,0,0,0,0,0,1,0,0,0,0,0,0,0,0,3.7794,CH_O,ligand,A,VHE,1,C21,3385,C.3,solvent,A,HOH,429,O,3981,O.3
0,0,0,0,0,0,0,0,0,0,0,0,1,0,0,0,0,0,0,0,0,0,3.2635,Elec_NH_O,ligand,A,VHE,1,N22,3388,N.am,solvent,A,HOH,313,O,3633,O.3
0,0,0,0,0,0,0,0,0,0,0,0,1,0,0,0,0,0,0,0,0,0,3.7928,Elec_NH_O,ligand,A,VHE,1,N22,3388,N.am,solvent,A,HOH,410,O,3924,O.3
0,0,0,0,0,0,0,1,0,0,0,0,0,0,0,0,0,0,0,0,0,0,4.2965,vdW,ligand,A,VHE,1,C24,3391,C.3,protein,A,LYS,58,CD,745,C.3
0,0,0,0,0,0,0,0,0,0,0,0,0,1,0,0,0,0,0,0,0,0,3.3965,CH_O,ligand,A,VHE,1,C24,3391,C.3,solvent,A,HOH,313,O,3633,O.3
0,0,1,0,0,0,0,0,0,0,0,0,0,0,0,0,0,0,0,0,0,0,3.6688,CH_O,ligand,A,VHE,1,O25,3394,O.2,protein,A,LYS,58,CD,745,C.3
1,0,0,0,0,0,0,0,0,0,0,0,0,0,0,0,0,0,0,0,0,0,2.8797,HB_NH_O,ligand,A,VHE,1,O25,3394,O.2,protein,A,LYS,58,NZ,751,N.4
0,0,0,0,0,0,0,0,0,0,0,1,0,0,0,0,0,0,0,0,0,0,3.2933,Elec_OH_O,ligand,A,VHE,1,O25,3394,O.2,solvent,A,HOH,278,O,3528,O.3
0,0,0,0,0,0,0,0,0,0,0,0,0,0,1,0,0,0,0,0,0,0,2.9089,vdW,ligand,A,VHE,1,O25,3394,O.2,solvent,A,HOH,399,O,3891,O.3
0,0,0,0,0,0,0,0,0,0,0,0,0,0,1,0,0,0,0,0,0,0,3.2941,vdW,ligand,A,VHE,1,O25,3394,O.2,solvent,A,HOH,429,O,3981,O.3
0,0,0,0,0,0,0,1,0,0,0,0,0,0,0,0,0,0,0,0,0,0,3.8945,vdW,ligand,A,VHE,1,C26,3395,C.3,protein,A,ILE,96,CG2,1359,C.3
0,0,1,0,0,0,0,0,0,0,0,0,0,0,0,0,0,0,0,0,0,0,3.6123,CH_O,ligand,A,VHE,1,C26,3395,C.3,protein,A,GLY,97,O,1373,O.2
0,0,0,0,0,0,0,1,0,0,0,0,0,0,0,0,0,0,0,0,0,0,3.7217,vdW,ligand,A,VHE,1,C26,3395,C.3,protein,A,MET,98,CG,1383,C.3
0,0,0,0,0,0,0,0,0,0,0,0,0,0,1,0,0,0,0,0,0,0,3.6346,vdW,ligand,A,VHE,1,C26,3395,C.3,solvent,A,HOH,6,O,3402,O.3
0,0,0,0,0,0,0,0,0,0,0,0,0,0,1,0,0,0,0,0,0,0,3.5706,vdW,ligand,A,VHE,1,C26,3395,C.3,solvent,A,HOH,279,O,3531,O.3
0,0,0,0,1,0,0,0,0,0,0,0,0,0,0,0,0,0,0,0,0,0,3.7434,CH_S,ligand,A,VHE,1,S27,3398,S.3,protein,A,ALA,55,CB,698,C.3
0,0,0,0,0,0,0,1,0,0,0,0,0,0,0,0,0,0,0,0,0,0,3.5854,vdW,ligand,A,VHE,1,S27,3398,S.3,protein,A,GLY,97,N,1367,N.am
0,0,0,0,0,0,0,1,0,0,0,0,0,0,0,0,0,0,0,0,0,0,3.7599,vdW,ligand,A,VHE,1,S27,3398,S.3,protein,A,GLY,97,CA,1369,C.3
0,0,0,0,0,0,0,1,0,0,0,0,0,0,0,0,0,0,0,0,0,0,3.6259,vdW,ligand,A,VHE,1,S27,3398,S.3,protein,A,GLY,97,C,1372,C.2
0,0,0,0,0,0,1,0,0,0,0,0,0,0,0,0,0,0,0,0,0,0,3.3975,S_O,ligand,A,VHE,1,S27,3398,S.3,protein,A,GLY,97,O,1373,O.2
0,0,0,0,0,0,0,0,0,0,0,0,0,0,0,0,0,0,0,0,0,1,3.2542,vdW,solvent,A,HOH,6,O,3402,O.3,protein,A,MET,98,SD,1386,S.3
0,0,0,0,0,0,0,0,0,0,0,0,0,0,0,0,0,0,0,0,0,1,3.5258,vdW,solvent,A,HOH,313,O,3633,O.3,protein,A,ASN,51,CA,646,C.3
0,0,0,0,0,0,0,0,0,0,0,0,0,0,0,1,0,0,0,0,0,0,2.9555,HB_OH_O,solvent,A,HOH,313,O,3633,O.3,protein,A,ASN,51,O,649,O.2
0,0,0,0,0,0,0,0,0,0,0,0,0,0,0,0,0,0,0,0,0,1,3.8762,vdW,solvent,A,HOH,313,O,3633,O.3,protein,A,ASP,54,CB,686,C.3
0,0,0,0,0,0,0,0,0,0,0,0,0,0,0,0,0,0,1,0,0,0,3.3111,Elec_NH_O,solvent,A,HOH,260,O,3474,O.3,protein,A,ASN,51,ND2,655,N.am
0,0,0,0,0,0,0,0,0,0,0,0,0,0,0,0,0,0,0,0,0,1,3.4243,vdW,solvent,A,HOH,260,O,3474,O.3,protein,A,GLY,137,N,1940,N.am
0,0,0,0,0,0,0,0,0,0,0,0,0,0,0,0,1,0,0,0,0,0,2.9712,HB_NH_O,solvent,A,HOH,260,O,3474,O.3,protein,A,PHE,138,N,1947,N.am
0,0,0,0,0,0,0,0,0,0,0,0,0,0,0,0,0,0,0,0,1,0,3.5168,CH_O,solvent,A,HOH,260,O,3474,O.3,protein,A,PHE,138,CB,1953,C.3
0,0,0,0,0,0,0,0,0,0,0,0,0,0,0,0,0,0,0,0,0,1,3.3221,vdW,solvent,A,HOH,305,O,3609,O.3,protein,A,ASN,106,CA,1503,C.3
0,0,0,0,0,0,0,0,0,0,0,0,0,0,0,1,0,0,0,0,0,0,2.6732,HB_OH_O,solvent,A,HOH,305,O,3609,O.3,protein,A,ASN,106,O,1506,O.2
0,0,0,0,0,0,0,0,0,0,0,0,0,0,0,0,0,0,0,0,0,1,3.2690,vdW,solvent,A,HOH,305,O,3609,O.3,protein,A,ASN,106,CB,1507,C.3
0,0,0,0,0,0,0,0,0,0,0,0,0,0,0,0,0,0,0,0,0,1,3.0070,vdW,solvent,A,HOH,305,O,3609,O.3,protein,A,ASN,106,OD1,1511,O.2
0,0,0,0,0,0,0,0,0,0,0,0,0,0,0,0,0,0,0,0,0,1,3.4154,vdW,solvent,A,HOH,522,O,4182,O.3,protein,A,GLY,135,CA,1919,C.3
0,0,0,0,0,0,0,0,0,0,0,0,0,0,0,0,0,0,0,0,0,1,3.4323,vdW,solvent,A,HOH,522,O,4182,O.3,protein,A,GLY,135,C,1922,C.2
0,0,0,0,0,0,0,0,0,0,0,0,0,0,0,1,0,0,0,0,0,0,2.9835,HB_OH_O,solvent,A,HOH,522,O,4182,O.3,protein,A,GLY,135,O,1923,O.2
0,0,0,0,0,0,0,0,0,0,0,0,0,0,0,0,0,0,0,0,0,1,3.5594,vdW,solvent,A,HOH,240,O,3414,O.3,protein,A,LEU,48,CD2,610,C.3
0,0,0,0,0,0,0,0,0,0,0,0,0,0,0,0,0,0,0,0,0,1,3.1714,vdW,solvent,A,HOH,240,O,3414,O.3,protein,A,ASN,51,CB,650,C.3
0,0,0,0,0,0,0,0,0,0,0,0,0,0,0,0,1,0,0,0,0,0,2.9477,HB_NH_O,solvent,A,HOH,240,O,3414,O.3,protein,A,ASN,51,ND2,655,N.am
0,0,0,0,0,0,0,0,0,0,0,0,0,0,0,0,0,0,0,0,1,0,4.0785,CH_O,solvent,A,HOH,240,O,3414,O.3,protein,A,PHE,138,CD1,1957,C.ar
0,0,0,0,0,0,0,0,0,0,0,0,0,0,0,0,0,0,0,0,0,1,3.9602,vdW,solvent,A,HOH,240,O,3414,O.3,protein,A,VAL,186,CG2,2680,C.3
0,0,0,0,0,0,0,0,0,0,0,0,0,0,0,0,0,0,0,0,0,1,3.3776,vdW,solvent,A,HOH,5,O,3399,O.3,protein,A,ALA,55,CB,698,C.3
0,0,0,0,0,0,0,0,0,0,0,0,0,0,0,1,0,0,0,0,0,0,2.7880,HB_OH_O,solvent,A,HOH,5,O,3399,O.3,protein,A,ASP,93,OD1,1325,O.co2
0,0,0,0,0,0,0,0,0,0,0,0,0,0,0,0,0,1,0,0,0,0,3.7994,Elec_OH_O,solvent,A,HOH,5,O,3399,O.3,protein,A,ASP,93,OD2,1326,O.co2
0,0,0,0,0,0,0,0,0,0,0,0,0,0,0,0,0,0,1,0,0,0,3.9790,Elec_NH_O,solvent,A,HOH,5,O,3399,O.3,protein,A,GLY,95,N,1341,N.am
0,0,0,0,0,0,0,0,0,0,0,0,0,0,0,0,0,0,0,0,0,1,3.7008,vdW,solvent,A,HOH,5,O,3399,O.3,protein,A,GLY,95,CA,1343,C.3
0,0,0,0,0,0,0,0,0,0,0,0,0,0,0,0,1,0,0,0,0,0,3.1431,HB_NH_O,solvent,A,HOH,5,O,3399,O.3,protein,A,GLY,97,N,1367,N.am
0,0,0,0,0,0,0,0,0,0,0,0,0,0,0,0,0,0,0,0,1,0,3.5585,CH_O,solvent,A,HOH,5,O,3399,O.3,protein,A,GLY,97,CA,1369,C.3
0,0,0,0,0,0,0,0,0,0,0,0,0,0,0,0,0,0,0,0,1,0,3.3085,CH_O,solvent,A,HOH,5,O,3399,O.3,protein,A,THR,184,CB,2638,C.3
0,0,0,0,0,0,0,0,0,0,0,0,0,0,0,1,0,0,0,0,0,0,2.7308,HB_OH_O,solvent,A,HOH,5,O,3399,O.3,protein,A,THR,184,OG1,2640,O.3
0,0,0,0,0,0,0,0,0,0,0,0,0,0,0,1,0,0,0,0,0,0,2.9210,HB_OH_O,solvent,A,HOH,248,O,3438,O.3,protein,A,LEU,48,O,600,O.2
0,0,0,0,0,0,0,0,0,0,0,0,0,0,0,0,0,0,0,0,0,1,3.7844,vdW,solvent,A,HOH,248,O,3438,O.3,protein,A,LEU,48,CB,601,C.3
0,0,0,0,0,0,0,0,0,0,0,0,0,0,0,1,0,0,0,0,0,0,3.0828,HB_OH_O,solvent,A,HOH,248,O,3438,O.3,protein,A,SER,52,OG,667,O.3
0,0,0,0,0,0,0,0,0,0,0,0,0,0,0,0,0,1,0,0,0,0,3.2007,Elec_OH_O,solvent,A,HOH,256,O,3462,O.3,protein,A,SER,52,OG,667,O.3
0,0,0,0,0,0,0,0,0,0,0,0,0,0,0,1,0,0,0,0,0,0,2.9162,HB_OH_O,solvent,A,HOH,256,O,3462,O.3,protein,A,ILE,91,O,1285,O.2
0,0,0,0,0,0,0,0,0,0,0,0,0,0,0,1,0,0,0,0,0,0,2.9510,HB_OH_O,solvent,A,HOH,256,O,3462,O.3,protein,A,ASP,93,OD2,1326,O.co2
0,0,0,0,0,0,0,0,0,0,0,0,0,0,0,1,0,0,0,0,0,0,3.0968,HB_OH_O,solvent,A,HOH,256,O,3462,O.3,protein,A,THR,184,O,2637,O.2
0,0,0,0,0,0,0,0,0,0,0,0,0,0,0,0,0,0,1,0,0,0,3.8470,Elec_NH_O,solvent,A,HOH,256,O,3462,O.3,protein,A,VAL,186,N,2668,N.am
0,0,0,0,0,0,0,0,0,0,0,0,0,0,0,0,0,0,0,0,1,0,3.6662,CH_O,solvent,A,HOH,256,O,3462,O.3,protein,A,VAL,186,CG2,2680,C.3
0,0,0,0,0,0,0,0,0,0,0,0,0,0,0,0,1,0,0,0,0,0,2.7473,HB_NH_O,solvent,A,HOH,429,O,3981,O.3,protein,A,LYS,58,NZ,751,N.4
0,0,0,0,0,0,0,0,0,0,0,0,0,0,0,0,0,0,0,0,0,1,3.3501,vdW,solvent,A,HOH,410,O,3924,O.3,protein,A,ASP,54,CB,686,C.3
0,0,0,0,0,0,0,0,0,0,0,0,0,0,0,0,0,0,0,0,0,1,3.4263,vdW,solvent,A,HOH,410,O,3924,O.3,protein,A,ASP,54,CG,689,C.2
0,0,0,0,0,0,0,0,0,0,0,0,0,0,0,1,0,0,0,0,0,0,2.6856,HB_OH_O,solvent,A,HOH,410,O,3924,O.3,protein,A,ASP,54,OD2,691,O.co2
0,0,0,0,0,0,0,0,0,0,0,0,0,0,0,0,0,0,0,0,0,1,3.7008,vdW,solvent,A,HOH,278,O,3528,O.3,protein,A,MET,98,CG,1383,C.3
0,0,0,0,0,0,0,0,0,0,0,0,0,0,0,0,0,0,0,0,0,1,3.4567,vdW,solvent,A,HOH,278,O,3528,O.3,protein,A,ASP,102,CB,1443,C.3
0,0,0,0,0,0,0,0,0,0,0,0,0,0,0,0,0,1,0,0,0,0,3.9774,Elec_OH_O,solvent,A,HOH,278,O,3528,O.3,protein,A,ASP,102,OD2,1448,O.co2
0,0,0,0,0,0,0,0,0,0,0,0,0,0,0,0,0,0,0,0,1,0,3.5657,CH_O,solvent,A,HOH,399,O,3891,O.3,protein,A,LYS,58,CD,745,C.3
0,0,0,0,0,0,0,0,0,0,0,0,0,0,0,0,0,0,1,0,0,0,3.6141,Elec_NH_O,solvent,A,HOH,399,O,3891,O.3,protein,A,LYS,58,NZ,751,N.4
0,0,0,0,0,0,0,0,0,0,0,0,0,0,0,0,0,0,0,0,1,0,3.6049,CH_O,solvent,A,HOH,399,O,3891,O.3,protein,A,ILE,96,CG2,1359,C.3
0,0,0,0,0,0,0,0,0,0,0,0,0,0,0,1,0,0,0,0,0,0,2.8172,HB_OH_O,solvent,A,HOH,279,O,3531,O.3,protein,A,GLY,97,O,1373,O.2
0,0,0,0,0,0,0,0,0,0,0,0,0,0,0,0,0,0,0,0,0,1,3.7913,vdW,solvent,A,HOH,279,O,3531,O.3,protein,A,MET,98,CA,1376,C.3
0,0,0,0,0,0,0,0,0,0,0,0,0,0,0,0,0,0,0,0,0,1,3.4578,vdW,solvent,A,HOH,279,O,3531,O.3,protein,A,ASP,102,CG,1446,C.2
0,0,0,0,0,0,0,0,0,0,0,0,0,0,0,1,0,0,0,0,0,0,2.7199,HB_OH_O,solvent,A,HOH,279,O,3531,O.3,protein,A,ASP,102,OD2,1448,O.co2
0,0,0,0,0,0,0,0,0,0,0,0,0,0,0,0,0,0,0,1,0,0,4.0181,Elec_OH_N,solvent,A,HOH,279,O,3531,O.3,protein,A,HIS,154,ND1,2223,N.2
