LP_HB_OH_O,LP_HB_NH_O,LP_Elec_OH_O,LP_Elec_NH_O,LP_CH_O,LP_CH_N,LP_CH_S,LP_CH_F,LP_CH_Hal_I,LP_NH_F,LP_CH_PI,LP_NH_PI,LP_Hal_I_O,LP_S_F,LP_Mg_X,LP_vdW,dist,interaction_label,molcular_type,chain,residue,residue_number,atom_name,atom_number,atom_type,partner_molcular_type,partner_chain,partner_residue,partner_residue_number,partner_atom_name,partner_atom_number,partner_atom_type
0,0,0,0,0,1,0,0,0,0,0,0,0,0,0,0,3.9269,CH_N,ligand,A,ZYX,400,N8,4480,N.am,protein,A,ILE,216,CA,2459,C.3
0,0,0,0,0,1,0,0,0,0,0,0,0,0,0,0,3.5406,CH_N,ligand,A,ZYX,400,N8,4480,N.am,protein,A,ILE,216,CG1,2465,C.3
0,0,0,0,0,0,0,0,0,0,0,0,0,0,0,1,3.3858,vdW,ligand,A,ZYX,400,C9,4481,C.ar,protein,A,PHE,209,O,2365,O.2
0,0,0,0,0,0,0,0,0,0,1,0,0,0,0,0,3.8090,CH_PI,ligand,A,ZYX,400,C9,4481,C.ar,protein,A,LEU,215,CG,2447,C.3
0,0,0,0,0,0,0,0,0,0,1,0,0,0,0,0,3.6356,CH_PI,ligand,A,ZYX,400,C9,4481,C.ar,protein,A,LEU,215,CD2,2453,C.3
0,0,0,0,0,0,0,1,0,0,0,0,0,0,0,0,3.6386,CH_F,ligand,A,ZYX,400,F10,4482,F,protein,A,GLY,210,CA,2382,C.3
0,0,0,0,0,0,0,0,0,1,0,0,0,0,0,0,3.4305,NH_F,ligand,A,ZYX,400,F10,4482,F,protein,A,VAL,211,N,2387,N.am
0,0,0,0,0,0,0,1,0,0,0,0,0,0,0,0,4.1309,CH_F,ligand,A,ZYX,400,F10,4482,F,protein,A,VAL,211,CG1,2395,C.3
0,0,0,0,0,0,0,0,0,1,0,0,0,0,0,0,3.3811,NH_F,ligand,A,ZYX,400,F10,4482,F,protein,A,SER,212,N,2403,N.am
0,0,0,0,0,0,0,1,0,0,0,0,0,0,0,0,3.9260,CH_F,ligand,A,ZYX,400,F10,4482,F,protein,A,SER,212,CB,2409,C.3
0,0,0,0,0,0,0,1,0,0,0,0,0,0,0,0,3.8809,CH_F,ligand,A,ZYX,400,F10,4482,F,protein,A,LEU,215,CB,2444,C.3
0,0,0,0,0,0,0,0,0,0,0,0,0,0,0,1,3.2917,vdW,ligand,A,ZYX,400,C11,4483,C.ar,protein,A,PHE,209,O,2365,O.2
0,0,0,0,0,0,0,0,0,0,1,0,0,0,0,0,3.7198,CH_PI,ligand,A,ZYX,400,C11,4483,C.ar,protein,A,LEU,215,CD2,2453,C.3
0,0,0,0,0,0,0,1,0,0,0,0,0,0,0,0,3.4786,CH_F,ligand,A,ZYX,400,F12,4484,F,protein,A,LEU,115,CD2,885,C.3
0,0,0,0,0,0,0,0,0,0,0,0,0,0,0,1,3.2410,vdW,ligand,A,ZYX,400,F12,4484,F,protein,A,PHE,209,O,2365,O.2
0,0,0,0,0,0,0,1,0,0,0,0,0,0,0,0,3.2194,CH_F,ligand,A,ZYX,400,F12,4484,F,protein,A,VAL,211,CG1,2395,C.3
0,0,0,0,0,0,0,1,0,0,0,0,0,0,0,0,4.0795,CH_F,ligand,A,ZYX,400,F12,4484,F,protein,A,LEU,215,CD2,2453,C.3
0,0,0,0,0,0,0,0,0,0,1,0,0,0,0,0,3.5700,CH_PI,ligand,A,ZYX,400,C14,4485,C.ar,protein,A,LEU,118,CD1,933,C.3
0,0,0,0,0,0,0,0,0,0,0,0,0,0,0,1,3.6310,vdW,ligand,A,ZYX,400,C14,4485,C.ar,protein,A,LEU,118,CD2,937,C.3
0,0,0,0,0,0,0,0,0,0,1,0,0,0,0,0,4.0377,CH_PI,ligand,A,ZYX,400,C14,4485,C.ar,protein,A,PHE,209,CD1,2370,C.ar
0,0,0,0,0,0,0,0,0,0,1,0,0,0,0,0,3.7462,CH_PI,ligand,A,ZYX,400,C14,4485,C.ar,protein,A,PHE,209,CE1,2374,C.ar
0,0,0,0,0,0,0,0,0,0,1,0,0,0,0,0,4.2755,CH_PI,ligand,A,ZYX,400,C14,4485,C.ar,protein,A,PHE,209,CE2,2376,C.ar
0,0,0,0,0,0,0,0,0,0,1,0,0,0,0,0,3.8776,CH_PI,ligand,A,ZYX,400,C14,4485,C.ar,protein,A,PHE,209,CZ,2378,C.ar
0,0,0,0,0,0,0,0,1,0,0,0,0,0,0,0,4.4954,CH_Hal_I,ligand,A,ZYX,400,I16,4487,I,protein,A,LEU,118,CD1,933,C.3
0,0,0,0,0,0,0,0,1,0,0,0,0,0,0,0,4.3418,CH_Hal_I,ligand,A,ZYX,400,I16,4487,I,protein,A,LEU,118,CD2,937,C.3
0,0,0,0,0,0,0,0,0,0,0,0,1,0,0,0,3.5922,Hal_I_O,ligand,A,ZYX,400,I16,4487,I,protein,A,VAL,127,O,1068,O.2
0,0,0,0,0,0,0,0,1,0,0,0,0,0,0,0,4.0415,CH_Hal_I,ligand,A,ZYX,400,I16,4487,I,protein,A,VAL,127,CB,1069,C.3
0,0,0,0,0,0,0,0,1,0,0,0,0,0,0,0,4.5818,CH_Hal_I,ligand,A,ZYX,400,I16,4487,I,protein,A,MET,143,CG,1299,C.3
0,0,0,0,0,0,0,0,1,0,0,0,0,0,0,0,4.3759,CH_Hal_I,ligand,A,ZYX,400,I16,4487,I,protein,A,CYS,207,CB,2343,C.3
0,0,0,0,0,0,0,0,0,0,0,0,0,0,0,1,3.6422,vdW,ligand,A,ZYX,400,C18,4488,C.ar,protein,A,ILE,141,CG2,1271,C.3
0,0,0,0,0,0,0,0,0,0,0,1,0,0,0,0,4.1070,NH_PI,ligand,A,ZYX,400,C18,4488,C.ar,protein,A,ASP,208,N,2348,N.am
0,0,0,0,0,0,0,0,0,0,0,0,0,0,0,1,3.3597,vdW,ligand,A,ZYX,400,C18,4488,C.ar,protein,A,ASP,208,OD1,2358,O.co2
0,0,0,0,0,0,0,1,0,0,0,0,0,0,0,0,3.5947,CH_F,ligand,A,ZYX,400,F19,4489,F,protein,A,LYS,97,CD,555,C.3
0,0,0,0,0,0,0,1,0,0,0,0,0,0,0,0,3.2773,CH_F,ligand,A,ZYX,400,F19,4489,F,protein,A,ILE,141,CG2,1271,C.3
0,0,0,0,0,0,0,1,0,0,0,0,0,0,0,0,3.3730,CH_F,ligand,A,ZYX,400,F19,4489,F,protein,A,ILE,141,CD1,1275,C.3
0,0,0,0,0,0,0,0,0,0,0,0,0,1,0,0,4.1480,S_F,ligand,A,ZYX,400,F19,4489,F,protein,A,MET,143,SD,1302,S.3
0,0,0,0,1,0,0,0,0,0,0,0,0,0,0,0,3.8377,CH_O,ligand,A,ZYX,400,O21,4490,O.2,protein,A,ILE,216,CA,2459,C.3
0,0,0,0,1,0,0,0,0,0,0,0,0,0,0,0,3.7388,CH_O,ligand,A,ZYX,400,O21,4490,O.2,protein,A,MET,219,CB,2505,C.3
0,0,0,0,1,0,0,0,0,0,0,0,0,0,0,0,3.8337,CH_O,ligand,A,ZYX,400,O21,4490,O.2,protein,A,ASN,221,CB,2532,C.3
0,0,0,0,1,0,0,0,0,0,0,0,0,0,0,0,3.3396,CH_O,ligand,A,ZYX,400,C23,4491,C.3,protein,A,ARG,189,O,2044,O.2
0,0,0,0,0,0,0,0,0,0,0,0,0,0,0,1,3.3721,vdW,ligand,A,ZYX,400,C23,4491,C.3,protein,A,ARG,189,CB,2045,C.3
0,0,0,0,0,0,0,0,0,0,0,0,0,0,0,1,4.1309,vdW,ligand,A,ZYX,400,C23,4491,C.3,protein,A,ASP,190,CB,2069,C.3
0,0,0,0,1,0,0,0,0,0,0,0,0,0,0,0,3.2306,CH_O,ligand,A,ZYX,400,O25,4494,O.3,protein,A,GLY,210,CA,2382,C.3
0,0,0,0,0,0,0,0,0,0,0,0,0,0,0,1,3.6117,vdW,ligand,A,ZYX,400,O25,4494,O.3,protein,A,ILE,216,CG1,2465,C.3
0,0,0,0,1,0,0,0,0,0,0,0,0,0,0,0,3.1921,CH_O,ligand,A,ZYX,400,O27,4495,O.2,protein,A,LYS,97,CD,555,C.3
0,1,0,0,0,0,0,0,0,0,0,0,0,0,0,0,2.8207,HB_NH_O,ligand,A,ZYX,400,O27,4495,O.2,protein,A,LYS,97,NZ,561,N.4
0,0,0,0,1,0,0,0,0,0,0,0,0,0,0,0,3.9983,CH_O,ligand,A,ZYX,400,O27,4495,O.2,protein,A,ILE,99,CD1,599,C.3
0,1,0,0,0,0,0,0,0,0,0,0,0,0,0,0,2.9719,HB_NH_O,ligand,A,ZYX,400,O29,4498,O.3,protein,A,LYS,97,NZ,561,N.4
0,0,0,0,0,0,0,0,0,0,0,0,0,0,1,0,4.1962,Mg_O,ligand,A,ZYX,400,O29,4498,O.3,protein,A,MG,2,MG,4455,Mg
0,0,0,0,1,0,0,0,0,0,0,0,0,0,0,0,4.1052,CH_O,ligand,A,ZYX,400,C30,4499,C.3,protein,A,ANP,1,O2G,4413,O.co2
0,0,0,0,1,0,0,0,0,0,0,0,0,0,0,0,3.6858,CH_O,ligand,A,ZYX,400,C30,4499,C.3,protein,A,ANP,1,O3G,4414,O.co2
0,0,0,0,0,0,0,0,0,0,0,0,0,0,0,1,3.9726,vdW,ligand,A,ZYX,400,C31,4502,C.3,protein,A,GLY,79,CA,273,C.3
0,0,0,0,0,0,0,0,0,0,0,0,0,0,0,1,4.3313,vdW,ligand,A,ZYX,400,C31,4502,C.3,protein,A,LYS,97,CD,555,C.3
0,0,0,0,0,0,0,0,0,0,0,0,0,0,0,1,3.9074,vdW,ligand,A,ZYX,400,C31,4502,C.3,protein,A,ILE,99,CD1,599,C.3
0,0,0,0,0,0,0,0,0,0,0,0,0,0,0,1,4.2681,vdW,ligand,A,ZYX,400,C31,4502,C.3,protein,A,MET,219,CE,2512,C.3
0,0,0,0,1,0,0,0,0,0,0,0,0,0,0,0,3.6835,CH_O,ligand,A,ZYX,400,O32,4505,O.3,protein,A,GLY,80,CA,280,C.3
0,0,0,0,1,0,0,0,0,0,0,0,0,0,0,0,3.6835,CH_O,ligand,A,ZYX,400,O32,4505,O.3,protein,A,LYS,97,CE,558,C.3
0,0,0,1,0,0,0,0,0,0,0,0,0,0,0,0,3.4168,Elec_NH_O,ligand,A,ZYX,400,O32,4505,O.3,protein,A,LYS,97,NZ,561,N.4
0,0,1,0,0,0,0,0,0,0,0,0,0,0,0,0,4.0077,Elec_OH_O,ligand,A,ZYX,400,O32,4505,O.3,protein,A,ANP,1,O2G,4413,O.co2
1,0,0,0,0,0,0,0,0,0,0,0,0,0,0,0,2.7437,HB_OH_O,ligand,A,ZYX,400,O32,4505,O.3,protein,A,ANP,1,O1A,4421,O.co2
0,0,1,0,0,0,0,0,0,0,0,0,0,0,0,0,3.7022,Elec_OH_O,ligand,A,ZYX,400,O32,4505,O.3,protein,A,ANP,1,O2A,4422,O.co2
0,0,0,0,0,0,0,0,0,0,1,0,0,0,0,0,3.7618,CH_PI,ligand,A,ZYX,400,C6,4459,C.ar,protein,A,LEU,215,CG,2447,C.3
0,0,0,0,0,0,0,0,0,0,0,0,0,0,0,1,3.9509,vdW,ligand,A,ZYX,400,C7,4460,C.3,protein,A,LEU,215,CG,2447,C.3
0,0,0,0,0,1,0,0,0,0,0,0,0,0,0,0,3.5961,CH_N,ligand,A,ZYX,400,C7,4460,C.3,protein,A,ILE,216,N,2457,N.am
0,0,0,0,0,0,0,0,0,0,0,0,0,0,0,1,3.6143,vdW,ligand,A,ZYX,400,C7,4460,C.3,protein,A,ILE,216,CA,2459,C.3
0,0,0,0,0,0,0,0,0,0,0,0,0,0,0,1,3.5650,vdW,ligand,A,ZYX,400,C7,4460,C.3,protein,A,ILE,216,CG1,2465,C.3
0,0,0,0,0,0,0,0,0,0,1,0,0,0,0,0,3.9115,CH_PI,ligand,A,ZYX,400,C13,4463,C.ar,protein,A,LEU,118,CD1,933,C.3
0,0,0,0,0,0,0,0,0,0,1,0,0,0,0,0,3.5787,CH_PI,ligand,A,ZYX,400,C13,4463,C.ar,protein,A,ASP,208,CA,2350,C.3
0,0,0,0,1,0,0,0,0,0,0,0,0,0,0,0,3.7471,CH_O,ligand,A,ZYX,400,C13,4463,C.ar,protein,A,PHE,209,O,2365,O.2
0,0,0,0,0,0,0,0,0,0,1,0,0,0,0,0,3.7496,CH_PI,ligand,A,ZYX,400,C15,4465,C.ar,protein,A,LEU,118,CD1,933,C.3
0,0,0,0,0,0,0,0,0,0,0,1,0,0,0,0,3.8314,NH_PI,ligand,A,ZYX,400,C15,4465,C.ar,protein,A,ASP,208,N,2348,N.am
0,0,0,0,0,0,0,0,0,0,0,0,0,0,0,1,3.9004,vdW,ligand,A,ZYX,400,C17,4466,C.ar,protein,A,MET,143,CG,1299,C.3
0,0,0,0,0,0,1,0,0,0,0,0,0,0,0,0,3.6778,CH_S,ligand,A,ZYX,400,C17,4466,C.ar,protein,A,MET,143,SD,1302,S.3
0,0,0,0,0,0,0,0,0,0,0,1,0,0,0,0,4.0786,NH_PI,ligand,A,ZYX,400,C17,4466,C.ar,protein,A,ASP,208,N,2348,N.am
0,0,0,0,0,0,0,0,0,0,0,0,0,0,0,1,4.3574,vdW,ligand,A,ZYX,400,C22,4469,C.3,protein,A,ILE,216,CG2,2468,C.3
0,0,0,0,1,0,0,0,0,0,0,0,0,0,0,0,3.4193,CH_O,ligand,A,ZYX,400,C22,4469,C.3,protein,A,ASN,221,OD1,2536,O.2
0,0,0,0,1,0,0,0,0,0,0,0,0,0,0,0,3.6491,CH_O,ligand,A,ZYX,400,C24,4472,C.3,protein,A,HIS,188,O,2027,O.2
0,0,0,0,0,0,0,0,0,0,0,0,0,0,0,1,3.7011,vdW,ligand,A,ZYX,400,C24,4472,C.3,protein,A,ARG,189,CB,2045,C.3
0,0,0,0,0,0,0,0,0,0,0,0,0,0,0,1,3.9892,vdW,ligand,A,ZYX,400,C24,4472,C.3,protein,A,ASP,190,CB,2069,C.3
0,0,0,0,1,0,0,0,0,0,0,0,0,0,0,0,3.9741,CH_O,ligand,A,ZYX,400,C24,4472,C.3,protein,A,ASP,208,O,2353,O.2
0,0,0,0,0,1,0,0,0,0,0,0,0,0,0,0,3.6922,CH_N,ligand,A,ZYX,400,C24,4472,C.3,protein,A,GLY,210,N,2380,N.am
0,0,0,0,0,0,0,0,0,0,0,0,0,0,0,1,3.4737,vdW,ligand,A,ZYX,400,N2,4477,N.pl3,protein,A,ILE,141,CD1,1275,C.3
0,0,0,0,0,1,0,0,0,0,0,0,0,0,0,0,3.9946,CH_N,ligand,A,ZYX,400,N2,4477,N.pl3,protein,A,ASP,208,CA,2350,C.3
0,0,0,0,0,0,0,0,0,0,1,0,0,0,0,0,3.6660,CH_PI,ligand,A,ZYX,400,C3,4479,C.ar,protein,A,ASP,208,CA,2350,C.3
