LP_HB_NH_O,LP_Elec_NH_O,LP_Elec_OH_N,LP_CH_O,LP_CH_N,LP_CH_S,LP_CH_PI,LP_S_O,LP_vdW,LS1_HB_NH_O,LS1_HB_OH_N,LS1_Elec_NH_O,LS1_CH_O,LS1_vdW,S1P_HB_OH_O,S1P_HB_NH_O,S1P_Elec_OH_O,S1P_Elec_NH_O,S1P_CH_O,S1P_vdW,dist,interaction_label,molcular_type,chain,residue,residue_number,atom_name,atom_number,atom_type,partner_molcular_type,partner_chain,partner_residue,partner_residue_number,partner_atom_name,partner_atom_number,partner_atom_type
0,0,0,0,0,0,0,0,0,0,0,0,0,1,0,0,0,0,0,0,3.5521,vdW,ligand,A,ZYX,237,C2,3296,C.3,solvent,A,HOH,309,O,3526,O.3
0,0,0,0,0,0,0,0,0,0,0,0,0,1,0,0,0,0,0,0,3.6994,vdW,ligand,A,ZYX,237,C2,3296,C.3,solvent,A,HOH,350,O,3649,O.3
0,0,0,0,0,0,0,0,0,0,0,0,0,1,0,0,0,0,0,0,3.9760,vdW,ligand,A,ZYX,237,C2,3296,C.3,solvent,A,HOH,451,O,3952,O.3
0,0,0,0,0,0,0,0,1,0,0,0,0,0,0,0,0,0,0,0,3.7701,vdW,ligand,A,ZYX,237,S3,3299,S.3,protein,A,ALA,55,CB,631,C.3
0,0,0,0,0,0,0,1,0,0,0,0,0,0,0,0,0,0,0,0,3.3799,S_O,ligand,A,ZYX,237,S3,3299,S.3,protein,A,GLY,97,O,1306,O.2
0,0,0,0,0,1,0,0,0,0,0,0,0,0,0,0,0,0,0,0,3.6910,CH_S,ligand,A,ZYX,237,S3,3299,S.3,protein,A,MET,98,CG,1316,C.3
0,0,0,0,0,0,1,0,0,0,0,0,0,0,0,0,0,0,0,0,4.0184,CH_PI,ligand,A,ZYX,237,C4,3300,C.ar,protein,A,MET,98,CE,1320,C.3
0,0,0,0,1,0,0,0,0,0,0,0,0,0,0,0,0,0,0,0,3.5114,CH_N,ligand,A,ZYX,237,N5,3301,N.ar,protein,A,ALA,55,CB,631,C.3
0,0,1,0,0,0,0,0,0,0,0,0,0,0,0,0,0,0,0,0,3.6004,Elec_OH_N,ligand,A,ZYX,237,N5,3301,N.ar,protein,A,THR,184,OG1,2573,O.3
0,0,0,0,0,0,0,0,0,0,0,0,0,1,0,0,0,0,0,0,3.1970,vdW,ligand,A,ZYX,237,N5,3301,N.ar,solvent,A,HOH,246,O,3337,O.3
0,0,0,0,0,0,0,0,0,0,1,0,0,0,0,0,0,0,0,0,3.1227,HB_OH_N,ligand,A,ZYX,237,N6,3302,N.ar,solvent,A,HOH,309,O,3526,O.3
0,0,0,0,0,0,0,0,0,0,0,0,0,1,0,0,0,0,0,0,3.1115,vdW,ligand,A,ZYX,237,C7,3303,C.ar,solvent,A,HOH,469,O,4006,O.3
0,0,0,0,1,0,0,0,0,0,0,0,0,0,0,0,0,0,0,0,4.0213,CH_N,ligand,A,ZYX,237,C8,3304,C.3,protein,A,ASN,51,ND2,588,N.am
0,0,0,1,0,0,0,0,0,0,0,0,0,0,0,0,0,0,0,0,3.3768,CH_O,ligand,A,ZYX,237,C8,3304,C.3,protein,A,LEU,107,O,1453,O.2
0,0,0,0,0,0,0,0,1,0,0,0,0,0,0,0,0,0,0,0,4.1971,vdW,ligand,A,ZYX,237,C8,3304,C.3,protein,A,LEU,107,CB,1454,C.3
0,0,0,0,0,0,0,0,0,0,0,0,0,1,0,0,0,0,0,0,3.6304,vdW,ligand,A,ZYX,237,C8,3304,C.3,solvent,A,HOH,253,O,3358,O.3
0,0,0,0,0,0,0,0,0,0,0,0,0,1,0,0,0,0,0,0,3.2710,vdW,ligand,A,ZYX,237,C8,3304,C.3,solvent,A,HOH,309,O,3526,O.3
0,0,0,0,0,0,0,0,0,0,0,0,0,1,0,0,0,0,0,0,3.2222,vdW,ligand,A,ZYX,237,C8,3304,C.3,solvent,A,HOH,441,O,3922,O.3
0,0,0,0,0,0,0,0,0,0,0,0,0,1,0,0,0,0,0,0,2.8313,vdW,ligand,A,ZYX,237,C8,3304,C.3,solvent,A,HOH,469,O,4006,O.3
0,0,0,0,1,0,0,0,0,0,0,0,0,0,0,0,0,0,0,0,3.6780,CH_N,ligand,A,ZYX,237,N9,3308,N.ar,protein,A,ASN,51,CB,583,C.3
0,0,0,0,0,0,0,0,0,0,1,0,0,0,0,0,0,0,0,0,2.8723,HB_OH_N,ligand,A,ZYX,237,N9,3308,N.ar,solvent,A,HOH,253,O,3358,O.3
0,0,0,0,0,0,0,0,0,0,1,0,0,0,0,0,0,0,0,0,3.0662,HB_OH_N,ligand,A,ZYX,237,N9,3308,N.ar,solvent,A,HOH,469,O,4006,O.3
0,0,0,0,0,0,0,0,0,0,0,0,0,1,0,0,0,0,0,0,3.7928,vdW,ligand,A,ZYX,237,C10,3309,C.ar,solvent,A,HOH,253,O,3358,O.3
0,0,0,0,1,0,0,0,0,0,0,0,0,0,0,0,0,0,0,0,3.7245,CH_N,ligand,A,ZYX,237,N11,3310,N.pl3,protein,A,SER,52,CA,593,C.3
0,1,0,0,0,0,0,0,0,0,0,0,0,0,0,0,0,0,0,0,3.6610,Elec_NH_O,ligand,A,ZYX,237,N11,3310,N.pl3,protein,A,SER,52,OG,600,O.3
1,0,0,0,0,0,0,0,0,0,0,0,0,0,0,0,0,0,0,0,2.7629,HB_NH_O,ligand,A,ZYX,237,N11,3310,N.pl3,protein,A,ASP,93,OD2,1259,O.co2
0,0,0,0,0,0,0,0,1,0,0,0,0,0,0,0,0,0,0,0,3.9036,vdW,ligand,A,ZYX,237,N11,3310,N.pl3,protein,A,THR,184,CB,2571,C.3
0,0,0,0,0,0,0,0,0,0,0,1,0,0,0,0,0,0,0,0,3.4376,Elec_NH_O,ligand,A,ZYX,237,N11,3310,N.pl3,solvent,A,HOH,240,O,3319,O.3
0,0,0,0,0,0,0,0,0,1,0,0,0,0,0,0,0,0,0,0,3.0983,HB_NH_O,ligand,A,ZYX,237,N11,3310,N.pl3,solvent,A,HOH,247,O,3340,O.3
0,0,0,0,0,0,0,0,0,0,0,0,0,1,0,0,0,0,0,0,3.8682,vdW,ligand,A,ZYX,237,N11,3310,N.pl3,solvent,A,HOH,253,O,3358,O.3
0,0,0,0,0,0,0,0,1,0,0,0,0,0,0,0,0,0,0,0,3.7910,vdW,ligand,A,ZYX,237,C1,3292,C.3,protein,A,ALA,55,CA,627,C.3
0,0,0,0,0,0,0,0,1,0,0,0,0,0,0,0,0,0,0,0,3.8215,vdW,ligand,A,ZYX,237,C1,3292,C.3,protein,A,ALA,55,CB,631,C.3
0,0,0,0,0,0,0,0,1,0,0,0,0,0,0,0,0,0,0,0,3.6950,vdW,ligand,A,ZYX,237,C1,3292,C.3,protein,A,LYS,58,CD,678,C.3
0,0,0,0,0,0,0,0,1,0,0,0,0,0,0,0,0,0,0,0,3.6373,vdW,ligand,A,ZYX,237,C1,3292,C.3,protein,A,LYS,58,CE,681,C.3
0,0,0,0,0,0,0,0,1,0,0,0,0,0,0,0,0,0,0,0,3.2923,vdW,ligand,A,ZYX,237,C1,3292,C.3,protein,A,LYS,58,NZ,684,N.4
0,0,0,0,0,0,0,0,1,0,0,0,0,0,0,0,0,0,0,0,3.7940,vdW,ligand,A,ZYX,237,C1,3292,C.3,protein,A,ILE,96,CG2,1292,C.3
0,0,0,0,0,0,0,0,0,0,0,0,1,0,0,0,0,0,0,0,3.0531,CH_O,ligand,A,ZYX,237,C1,3292,C.3,solvent,A,HOH,306,O,3517,O.3
0,0,0,0,0,0,0,0,0,0,0,0,0,1,0,0,0,0,0,0,3.9456,vdW,ligand,A,ZYX,237,C1,3292,C.3,solvent,A,HOH,515,O,4069,O.3
0,0,0,0,0,0,0,0,0,0,0,0,0,0,1,0,0,0,0,0,2.7101,HB_OH_O,solvent,A,HOH,309,O,3526,O.3,protein,A,LEU,107,O,1453,O.2
0,0,0,0,0,0,0,0,0,0,0,0,0,0,0,0,0,0,0,1,3.6964,vdW,solvent,A,HOH,309,O,3526,O.3,protein,A,GLY,108,CA,1469,C.3
0,0,0,0,0,0,0,0,0,0,0,0,0,0,0,0,0,0,0,1,3.9171,vdW,solvent,A,HOH,350,O,3649,O.3,protein,A,ILE,96,CG2,1292,C.3
0,0,0,0,0,0,0,0,0,0,0,0,0,0,1,0,0,0,0,0,2.7502,HB_OH_O,solvent,A,HOH,350,O,3649,O.3,protein,A,GLY,97,O,1306,O.2
0,0,0,0,0,0,0,0,0,0,0,0,0,0,0,0,0,0,0,1,3.9960,vdW,solvent,A,HOH,350,O,3649,O.3,protein,A,MET,98,CA,1309,C.3
0,0,0,0,0,0,0,0,0,0,0,0,0,0,0,0,1,0,0,0,4.0056,Elec_OH_O,solvent,A,HOH,350,O,3649,O.3,protein,A,ASP,102,OD2,1381,O.co2
0,0,0,0,0,0,0,0,0,0,0,0,0,0,0,0,0,0,0,1,3.9424,vdW,solvent,A,HOH,350,O,3649,O.3,protein,A,HIS,154,CD2,2157,C.2
0,0,0,0,0,0,0,0,0,0,0,0,0,0,0,0,0,0,0,1,3.4355,vdW,solvent,A,HOH,451,O,3952,O.3,protein,A,ASP,102,CB,1376,C.3
0,0,0,0,0,0,0,0,0,0,0,0,0,0,0,0,0,0,0,1,3.3667,vdW,solvent,A,HOH,451,O,3952,O.3,protein,A,ASP,102,CG,1379,C.2
0,0,0,0,0,0,0,0,0,0,0,0,0,0,1,0,0,0,0,0,2.6688,HB_OH_O,solvent,A,HOH,451,O,3952,O.3,protein,A,ASP,102,OD2,1381,O.co2
0,0,0,0,0,0,0,0,0,0,0,0,0,0,0,0,0,0,1,0,3.6316,CH_O,solvent,A,HOH,451,O,3952,O.3,protein,A,GLY,108,CA,1469,C.3
0,0,0,0,0,0,0,0,0,0,0,0,0,0,0,0,0,0,0,1,3.3098,vdW,solvent,A,HOH,246,O,3337,O.3,protein,A,ALA,55,CB,631,C.3
0,0,0,0,0,0,0,0,0,0,0,0,0,0,1,0,0,0,0,0,2.7077,HB_OH_O,solvent,A,HOH,246,O,3337,O.3,protein,A,ASP,93,OD1,1258,O.co2
0,0,0,0,0,0,0,0,0,0,0,0,0,0,0,0,1,0,0,0,3.8330,Elec_OH_O,solvent,A,HOH,246,O,3337,O.3,protein,A,ASP,93,OD2,1259,O.co2
0,0,0,0,0,0,0,0,0,0,0,0,0,0,0,0,0,1,0,0,3.9157,Elec_NH_O,solvent,A,HOH,246,O,3337,O.3,protein,A,GLY,95,N,1274,N.am
0,0,0,0,0,0,0,0,0,0,0,0,0,0,0,1,0,0,0,0,3.0422,HB_NH_O,solvent,A,HOH,246,O,3337,O.3,protein,A,GLY,97,N,1300,N.am
0,0,0,0,0,0,0,0,0,0,0,0,0,0,0,0,0,0,0,1,3.4473,vdW,solvent,A,HOH,246,O,3337,O.3,protein,A,GLY,97,CA,1302,C.3
0,0,0,0,0,0,0,0,0,0,0,0,0,0,0,0,0,0,0,1,3.5127,vdW,solvent,A,HOH,246,O,3337,O.3,protein,A,THR,184,N,2565,N.am
0,0,0,0,0,0,0,0,0,0,0,0,0,0,0,0,0,0,0,1,3.3958,vdW,solvent,A,HOH,246,O,3337,O.3,protein,A,THR,184,CB,2571,C.3
0,0,0,0,0,0,0,0,0,0,0,0,0,0,1,0,0,0,0,0,2.8673,HB_OH_O,solvent,A,HOH,246,O,3337,O.3,protein,A,THR,184,OG1,2573,O.3
0,0,0,0,0,0,0,0,0,0,0,0,0,0,0,0,0,0,1,0,3.7035,CH_O,solvent,A,HOH,469,O,4006,O.3,protein,A,LEU,107,CD2,1463,C.3
0,0,0,0,0,0,0,0,0,0,0,0,0,0,0,0,0,0,0,1,3.2703,vdW,solvent,A,HOH,469,O,4006,O.3,protein,A,PHE,138,CD1,1890,C.ar
0,0,0,0,0,0,0,0,0,0,0,0,0,0,0,0,0,0,0,1,3.6447,vdW,solvent,A,HOH,253,O,3358,O.3,protein,A,LEU,48,CD2,543,C.3
0,0,0,0,0,0,0,0,0,0,0,0,0,0,0,0,0,0,0,1,3.3570,vdW,solvent,A,HOH,253,O,3358,O.3,protein,A,ASN,51,CB,583,C.3
0,0,0,0,0,0,0,0,0,0,0,0,0,0,0,1,0,0,0,0,2.8449,HB_NH_O,solvent,A,HOH,253,O,3358,O.3,protein,A,ASN,51,ND2,588,N.am
0,0,0,0,0,0,0,0,0,0,0,0,0,0,0,0,0,0,1,0,3.6218,CH_O,solvent,A,HOH,253,O,3358,O.3,protein,A,PHE,138,CD1,1890,C.ar
0,0,0,0,0,0,0,0,0,0,0,0,0,0,0,0,0,0,0,1,3.8594,vdW,solvent,A,HOH,253,O,3358,O.3,protein,A,VAL,186,CG2,2613,C.3
0,0,0,0,0,0,0,0,0,0,0,0,0,0,0,0,0,0,0,1,3.4127,vdW,solvent,A,HOH,441,O,3922,O.3,protein,A,ASN,51,CG,586,C.2
0,0,0,0,0,0,0,0,0,0,0,0,0,0,0,0,1,0,0,0,3.3105,Elec_OH_O,solvent,A,HOH,441,O,3922,O.3,protein,A,ASN,51,OD1,587,O.2
0,0,0,0,0,0,0,0,0,0,0,0,0,0,0,0,0,0,0,1,3.6858,vdW,solvent,A,HOH,441,O,3922,O.3,protein,A,THR,109,CG2,1484,C.3
0,0,0,0,0,0,0,0,0,0,0,0,0,0,0,0,1,0,0,0,3.3045,Elec_OH_O,solvent,A,HOH,240,O,3319,O.3,protein,A,SER,52,OG,600,O.3
0,0,0,0,0,0,0,0,0,0,0,0,0,0,1,0,0,0,0,0,2.8947,HB_OH_O,solvent,A,HOH,240,O,3319,O.3,protein,A,ILE,91,O,1218,O.2
0,0,0,0,0,0,0,0,0,0,0,0,0,0,1,0,0,0,0,0,2.9209,HB_OH_O,solvent,A,HOH,240,O,3319,O.3,protein,A,ASP,93,OD2,1259,O.co2
0,0,0,0,0,0,0,0,0,0,0,0,0,0,0,0,0,1,0,0,3.9026,Elec_NH_O,solvent,A,HOH,240,O,3319,O.3,protein,A,VAL,186,N,2601,N.am
0,0,0,0,0,0,0,0,0,0,0,0,0,0,0,0,0,0,1,0,3.5888,CH_O,solvent,A,HOH,240,O,3319,O.3,protein,A,VAL,186,CG2,2613,C.3
0,0,0,0,0,0,0,0,0,0,0,0,0,0,1,0,0,0,0,0,2.9023,HB_OH_O,solvent,A,HOH,247,O,3340,O.3,protein,A,LEU,48,O,533,O.2
0,0,0,0,0,0,0,0,0,0,0,0,0,0,0,0,0,0,0,1,4.0284,vdW,solvent,A,HOH,247,O,3340,O.3,protein,A,ASN,51,CB,583,C.3
0,0,0,0,0,0,0,0,0,0,0,0,0,0,0,0,0,1,0,0,4.0453,Elec_NH_O,solvent,A,HOH,247,O,3340,O.3,protein,A,SER,52,N,591,N.am
0,0,0,0,0,0,0,0,0,0,0,0,0,0,1,0,0,0,0,0,3.0941,HB_OH_O,solvent,A,HOH,247,O,3340,O.3,protein,A,SER,52,OG,600,O.3
0,0,0,0,0,0,0,0,0,0,0,0,0,0,0,0,0,0,0,1,3.6329,vdW,solvent,A,HOH,306,O,3517,O.3,protein,A,ASN,51,CA,579,C.3
0,0,0,0,0,0,0,0,0,0,0,0,0,0,0,0,0,0,0,1,3.4721,vdW,solvent,A,HOH,306,O,3517,O.3,protein,A,ASN,51,C,581,C.2
0,0,0,0,0,0,0,0,0,0,0,0,0,0,1,0,0,0,0,0,2.6540,HB_OH_O,solvent,A,HOH,306,O,3517,O.3,protein,A,ASN,51,O,582,O.2
0,0,0,0,0,0,0,0,0,0,0,0,0,0,0,0,0,0,0,1,3.7720,vdW,solvent,A,HOH,306,O,3517,O.3,protein,A,ASP,54,CB,619,C.3
0,0,0,0,0,0,0,0,0,0,0,0,0,0,0,0,0,0,0,1,4.1246,vdW,solvent,A,HOH,306,O,3517,O.3,protein,A,ALA,55,CB,631,C.3
0,0,0,0,0,0,0,0,0,0,0,0,0,0,0,0,0,1,0,0,3.3500,Elec_NH_O,solvent,A,HOH,515,O,4069,O.3,protein,A,LYS,58,NZ,684,N.4
0,0,0,0,0,0,0,0,0,0,0,0,0,0,0,0,1,0,0,0,3.3666,Elec_OH_O,solvent,A,HOH,515,O,4069,O.3,protein,A,GLY,108,O,1473,O.2
