LP_HB_NH_O,LP_Elec_NH_N,LP_CH_O,LP_CH_N,LP_CH_PI,LP_Dipo,LP_vdW,LS1_Elec_OH_N,LS1_CH_O,LS1_vdW,S1P_HB_OH_O,S1P_HB_NH_O,S1P_Elec_NH_O,S1P_CH_O,S1P_vdW,dist,interaction_label,molcular_type,chain,residue,residue_number,atom_name,atom_number,atom_type,partner_molcular_type,partner_chain,partner_residue,partner_residue_number,partner_atom_name,partner_atom_number,partner_atom_type
0,0,0,0,1,0,0,0,0,0,0,0,0,0,0,3.6407,CH_PI,ligand,A,EMH,901,C2,4736,C.ar,protein,A,LEU,1256,CD1,2518,C.3
0,0,0,0,1,0,0,0,0,0,0,0,0,0,0,3.8550,CH_PI,ligand,A,EMH,901,N9,4737,N.pl3,protein,A,LEU,1256,CD2,2522,C.3
0,0,0,0,0,0,1,0,0,0,0,0,0,0,0,3.8959,vdW,ligand,A,EMH,901,N9,4737,N.pl3,protein,A,EDO,802,C1,4783,C.3
1,0,0,0,0,0,0,0,0,0,0,0,0,0,0,2.7433,HB_NH_O,ligand,A,EMH,901,N9,4737,N.pl3,protein,A,EDO,802,O2,4791,O.3
0,0,0,0,1,0,0,0,0,0,0,0,0,0,0,4.1059,CH_PI,ligand,A,EMH,901,C14,4739,C.ar,protein,A,LEU,1122,CD1,580,C.3
0,0,0,0,1,0,0,0,0,0,0,0,0,0,0,4.2350,CH_PI,ligand,A,EMH,901,C14,4739,C.ar,protein,A,GLY,1202,CA,1656,C.3
0,0,0,0,0,1,0,0,0,0,0,0,0,0,0,3.6976,Dipo,ligand,A,EMH,901,C16,4740,C.2,protein,A,MET,1199,O,1625,O.2
0,0,0,0,0,1,0,0,0,0,0,0,0,0,0,3.6976,Dipo,ligand,A,EMH,901,O20,4741,O.2,protein,A,MET,1199,C,1624,C.2
0,0,1,0,0,0,0,0,0,0,0,0,0,0,0,3.6112,CH_O,ligand,A,EMH,901,O20,4741,O.2,protein,A,ALA,1148,CB,797,C.3
0,0,1,0,0,0,0,0,0,0,0,0,0,0,0,3.7414,CH_O,ligand,A,EMH,901,O20,4741,O.2,protein,A,LEU,1198,CA,1603,C.3
0,0,1,0,0,0,0,0,0,0,0,0,0,0,0,3.6917,CH_O,ligand,A,EMH,901,O20,4741,O.2,protein,A,LEU,1198,CD1,1612,C.3
1,0,0,0,0,0,0,0,0,0,0,0,0,0,0,2.7279,HB_NH_O,ligand,A,EMH,901,O20,4741,O.2,protein,A,MET,1199,N,1620,N.am
0,0,1,0,0,0,0,0,0,0,0,0,0,0,0,3.6136,CH_O,ligand,A,EMH,901,O20,4741,O.2,protein,A,MET,1199,CB,1626,C.3
0,0,0,0,1,0,0,0,0,0,0,0,0,0,0,4.1099,CH_PI,ligand,A,EMH,901,C12,4742,C.ar,protein,A,LEU,1122,CB,575,C.3
0,0,0,0,1,0,0,0,0,0,0,0,0,0,0,4.0228,CH_PI,ligand,A,EMH,901,C12,4742,C.ar,protein,A,GLY,1202,CA,1656,C.3
0,0,0,0,0,0,0,0,0,1,0,0,0,0,0,4.0971,vdW,ligand,A,EMH,901,C12,4742,C.ar,solvent,A,HOH,44,O,4942,O.3
0,0,0,0,1,0,0,0,0,0,0,0,0,0,0,3.9474,CH_PI,ligand,A,EMH,901,C11,4744,C.ar,protein,A,LEU,1122,CD1,580,C.3
0,0,0,0,0,0,1,0,0,0,0,0,0,0,0,3.6381,vdW,ligand,A,EMH,901,C23,4745,C.3,protein,A,ALA,1200,CA,1639,C.3
0,0,0,0,0,0,1,0,0,0,0,0,0,0,0,3.9195,vdW,ligand,A,EMH,901,C23,4745,C.3,protein,A,ALA,1200,C,1641,C.2
0,0,1,0,0,0,0,0,0,0,0,0,0,0,0,3.5625,CH_O,ligand,A,EMH,901,C23,4745,C.3,protein,A,ALA,1200,O,1642,O.2
0,0,0,1,0,0,0,0,0,0,0,0,0,0,0,4.1389,CH_N,ligand,A,EMH,901,N25,4748,N.pl3,protein,A,LEU,1122,CD2,584,C.3
0,0,1,0,0,0,0,0,0,0,0,0,0,0,0,4.0402,CH_O,ligand,A,EMH,901,C29,4749,C.3,protein,A,LEU,1122,O,574,O.2
0,0,1,0,0,0,0,0,0,0,0,0,0,0,0,3.9782,CH_O,ligand,A,EMH,901,C30,4755,C.3,protein,A,ALA,1200,O,1642,O.2
0,0,0,0,0,0,1,0,0,0,0,0,0,0,0,3.9918,vdW,ligand,A,EMH,901,C30,4755,C.3,protein,A,GLY,1202,CA,1656,C.3
0,0,0,0,0,0,0,0,1,0,0,0,0,0,0,3.7992,CH_O,ligand,A,EMH,901,C30,4755,C.3,solvent,A,HOH,198,O,5404,O.3
0,0,0,0,0,0,0,0,1,0,0,0,0,0,0,3.6696,CH_O,ligand,A,EMH,901,C32,4760,C.3,solvent,A,HOH,238,O,5506,O.3
0,0,0,0,0,0,0,0,1,0,0,0,0,0,0,3.4083,CH_O,ligand,A,EMH,901,C34,4763,C.3,solvent,A,HOH,238,O,5506,O.3
0,0,0,0,0,0,1,0,0,0,0,0,0,0,0,3.4790,vdW,ligand,A,EMH,901,C4,4702,C.ar,protein,A,ALA,1148,CB,797,C.3
0,0,1,0,0,0,0,0,0,0,0,0,0,0,0,3.5377,CH_O,ligand,A,EMH,901,C4,4702,C.ar,protein,A,GLU,1197,O,1591,O.2
0,0,0,0,1,0,0,0,0,0,0,0,0,0,0,3.7084,CH_PI,ligand,A,EMH,901,C4,4702,C.ar,protein,A,LEU,1256,CD1,2518,C.3
0,0,0,0,0,0,1,0,0,0,0,0,0,0,0,3.9643,vdW,ligand,A,EMH,901,C5,4704,C.ar,protein,A,LEU,1196,CD1,1578,C.3
0,0,0,0,1,0,0,0,0,0,0,0,0,0,0,3.6834,CH_PI,ligand,A,EMH,901,C5,4704,C.ar,protein,A,LEU,1256,CD1,2518,C.3
0,0,0,0,0,0,1,0,0,0,0,0,0,0,0,3.8651,vdW,ligand,A,EMH,901,C6,4705,C.ar,protein,A,VAL,1180,CG1,1309,C.3
0,0,0,0,0,0,1,0,0,0,0,0,0,0,0,3.7875,vdW,ligand,A,EMH,901,C6,4705,C.ar,protein,A,LEU,1196,CB,1573,C.3
0,0,0,0,1,0,0,0,0,0,0,0,0,0,0,4.3330,CH_PI,ligand,A,EMH,901,C7,4707,C.2,protein,A,VAL,1130,CG1,627,C.3
0,0,0,0,1,0,0,0,0,0,0,0,0,0,0,4.2657,CH_PI,ligand,A,EMH,901,C8,4708,C.2,protein,A,VAL,1130,CG1,627,C.3
0,0,0,0,1,0,0,0,0,0,0,0,0,0,0,4.2697,CH_PI,ligand,A,EMH,901,C10,4709,C.ar,protein,A,LEU,1122,CB,575,C.3
0,0,0,0,1,0,0,0,0,0,0,0,0,0,0,3.6778,CH_PI,ligand,A,EMH,901,C13,4710,C.ar,protein,A,LEU,1122,CD1,580,C.3
0,0,0,0,0,0,1,0,0,0,0,0,0,0,0,3.0828,vdW,ligand,A,EMH,901,C13,4710,C.ar,protein,A,MET,1199,O,1625,O.2
0,0,0,0,1,0,0,0,0,0,0,0,0,0,0,3.7482,CH_PI,ligand,A,EMH,901,C15,4712,C.ar,protein,A,LEU,1122,CD1,580,C.3
0,0,0,0,0,0,1,0,0,0,0,0,0,0,0,3.4634,vdW,ligand,A,EMH,901,C15,4712,C.ar,protein,A,MET,1199,O,1625,O.2
0,0,0,0,0,0,1,0,0,0,0,0,0,0,0,4.0281,vdW,ligand,A,EMH,901,C21,4714,C.3,protein,A,LEU,1122,CB,575,C.3
0,0,0,0,0,0,1,0,0,0,0,0,0,0,0,4.0147,vdW,ligand,A,EMH,901,C21,4714,C.3,protein,A,VAL,1130,CB,625,C.3
0,0,1,0,0,0,0,0,0,0,0,0,0,0,0,3.9208,CH_O,ligand,A,EMH,901,C21,4714,C.3,protein,A,EDO,802,O2,4791,O.3
0,0,0,0,0,0,1,0,0,0,0,0,0,0,0,4.1334,vdW,ligand,A,EMH,901,C22,4718,C.3,protein,A,GLY,1202,CA,1656,C.3
0,0,0,0,0,0,1,0,0,0,0,0,0,0,0,3.6763,vdW,ligand,A,EMH,901,C22,4718,C.3,protein,A,LEU,1256,CD2,2522,C.3
0,0,0,0,0,0,1,0,0,0,0,0,0,0,0,4.1683,vdW,ligand,A,EMH,901,C22,4718,C.3,protein,A,EDO,802,C1,4783,C.3
0,0,1,0,0,0,0,0,0,0,0,0,0,0,0,3.8148,CH_O,ligand,A,EMH,901,C22,4718,C.3,protein,A,EDO,802,O2,4791,O.3
0,0,0,0,0,0,0,0,0,1,0,0,0,0,0,3.7250,vdW,ligand,A,EMH,901,C22,4718,C.3,solvent,A,HOH,44,O,4942,O.3
0,0,0,0,0,0,0,0,0,1,0,0,0,0,0,3.9456,vdW,ligand,A,EMH,901,C22,4718,C.3,solvent,A,HOH,153,O,5269,O.3
0,0,0,0,0,0,1,0,0,0,0,0,0,0,0,3.3865,vdW,ligand,A,EMH,901,C24,4722,C.3,protein,A,ARG,1120,NH1,556,N.pl3
0,0,0,0,0,0,1,0,0,0,0,0,0,0,0,3.7545,vdW,ligand,A,EMH,901,C24,4722,C.3,protein,A,LEU,1122,CD2,584,C.3
0,0,0,0,0,0,1,0,0,0,0,0,0,0,0,3.8679,vdW,ligand,A,EMH,901,C24,4722,C.3,protein,A,LEU,1198,CD1,1612,C.3
0,0,0,0,0,0,1,0,0,0,0,0,0,0,0,3.8760,vdW,ligand,A,EMH,901,C24,4722,C.3,protein,A,ALA,1200,CA,1639,C.3
0,0,0,0,0,0,0,0,1,0,0,0,0,0,0,3.9234,CH_O,ligand,A,EMH,901,C26,4726,C.3,solvent,A,HOH,198,O,5404,O.3
0,0,0,0,0,0,1,0,0,0,0,0,0,0,0,3.8208,vdW,ligand,A,EMH,901,N19,4731,N.1,protein,A,LYS,1150,CE,832,C.3
0,1,0,0,0,0,0,0,0,0,0,0,0,0,0,4.0073,Elec_NH_N,ligand,A,EMH,901,N19,4731,N.1,protein,A,LYS,1150,NZ,835,N.4
0,0,0,0,0,0,1,0,0,0,0,0,0,0,0,3.6550,vdW,ligand,A,EMH,901,N19,4731,N.1,protein,A,LEU,1196,CD1,1578,C.3
0,0,0,0,0,0,1,0,0,0,0,0,0,0,0,3.3330,vdW,ligand,A,EMH,901,N19,4731,N.1,protein,A,GLY,1269,O,2709,O.2
0,0,0,0,0,0,0,1,0,0,0,0,0,0,0,3.4484,Elec_OH_N,ligand,A,EMH,901,N19,4731,N.1,solvent,A,HOH,21,O,4873,O.3
0,0,0,0,0,0,0,0,0,1,0,0,0,0,0,3.1071,vdW,ligand,A,EMH,901,N19,4731,N.1,solvent,A,HOH,169,O,5317,O.3
0,0,0,0,0,0,1,0,0,0,0,0,0,0,0,3.5654,vdW,ligand,A,EMH,901,C18,4732,C.1,protein,A,LEU,1196,CD1,1578,C.3
0,0,0,0,0,0,1,0,0,0,0,0,0,0,0,3.3903,vdW,ligand,A,EMH,901,C18,4732,C.1,protein,A,GLY,1269,O,2709,O.2
0,0,0,0,1,0,0,0,0,0,0,0,0,0,0,3.6213,CH_PI,ligand,A,EMH,901,C3,4733,C.ar,protein,A,LEU,1256,CD1,2518,C.3
0,0,0,0,0,0,0,0,0,1,0,0,0,0,0,3.6360,vdW,ligand,A,EMH,901,C3,4733,C.ar,solvent,A,HOH,21,O,4873,O.3
0,0,0,0,0,0,0,0,0,1,0,0,0,0,0,3.9637,vdW,ligand,A,EMH,901,C3,4733,C.ar,solvent,A,HOH,239,O,5509,O.3
0,0,0,0,1,0,0,0,0,0,0,0,0,0,0,3.5972,CH_PI,ligand,A,EMH,901,C1,4735,C.ar,protein,A,LEU,1256,CD1,2518,C.3
0,0,0,0,1,0,0,0,0,0,0,0,0,0,0,4.0456,CH_PI,ligand,A,EMH,901,C1,4735,C.ar,protein,A,LEU,1256,CD2,2522,C.3
0,0,0,0,0,0,0,0,0,0,0,0,0,1,0,3.6754,CH_O,solvent,A,HOH,44,O,4942,O.3,protein,A,GLY,1202,CA,1656,C.3
0,0,0,0,0,0,0,0,0,0,0,1,0,0,0,3.0105,HB_NH_O,solvent,A,HOH,44,O,4942,O.3,protein,A,ASP,1203,N,1661,N.am
0,0,0,0,0,0,0,0,0,0,1,0,0,0,0,2.6325,HB_OH_O,solvent,A,HOH,44,O,4942,O.3,protein,A,ASP,1203,OD1,1671,O.co2
0,0,0,0,0,0,0,0,0,0,0,0,0,0,1,3.1248,vdW,solvent,A,HOH,153,O,5269,O.3,protein,A,EDO,802,C1,4783,C.3
0,0,0,0,0,0,0,0,0,0,0,0,0,0,1,3.0163,vdW,solvent,A,HOH,153,O,5269,O.3,protein,A,EDO,802,C2,4788,C.3
0,0,0,0,0,0,0,0,0,0,1,0,0,0,0,3.1075,HB_OH_O,solvent,A,HOH,153,O,5269,O.3,protein,A,EDO,802,O2,4791,O.3
0,0,0,0,0,0,0,0,0,0,0,0,0,0,1,3.2204,vdW,solvent,A,HOH,21,O,4873,O.3,protein,A,LYS,1150,CE,832,C.3
0,0,0,0,0,0,0,0,0,0,0,1,0,0,0,2.6422,HB_NH_O,solvent,A,HOH,21,O,4873,O.3,protein,A,LYS,1150,NZ,835,N.4
0,0,0,0,0,0,0,0,0,0,0,0,0,0,1,3.7914,vdW,solvent,A,HOH,21,O,4873,O.3,protein,A,GLY,1269,C,2708,C.2
0,0,0,0,0,0,0,0,0,0,1,0,0,0,0,2.7470,HB_OH_O,solvent,A,HOH,21,O,4873,O.3,protein,A,GLY,1269,O,2709,O.2
0,0,0,0,0,0,0,0,0,0,0,0,0,0,1,3.5838,vdW,solvent,A,HOH,21,O,4873,O.3,protein,A,ASP,1270,CA,2712,C.3
0,0,0,0,0,0,0,0,0,0,0,0,0,0,1,3.4809,vdW,solvent,A,HOH,21,O,4873,O.3,protein,A,ASP,1270,CB,2716,C.3
0,0,0,0,0,0,0,0,0,0,0,0,0,0,1,3.5664,vdW,solvent,A,HOH,21,O,4873,O.3,protein,A,ASP,1270,CG,2719,C.2
0,0,0,0,0,0,0,0,0,0,1,0,0,0,0,2.8440,HB_OH_O,solvent,A,HOH,21,O,4873,O.3,protein,A,ASP,1270,OD1,2720,O.co2
0,0,0,0,0,0,0,0,0,0,0,0,0,1,0,4.1934,CH_O,solvent,A,HOH,21,O,4873,O.3,protein,A,EDO,802,C2,4788,C.3
0,0,0,0,0,0,0,0,0,0,0,0,1,0,0,3.9693,Elec_NH_O,solvent,A,HOH,169,O,5317,O.3,protein,A,LYS,1150,NZ,835,N.4
0,0,0,0,0,0,0,0,0,0,0,0,0,0,1,3.6227,vdW,solvent,A,HOH,169,O,5317,O.3,protein,A,GLU,1167,CG,1094,C.3
0,0,0,0,0,0,0,0,0,0,0,0,0,0,1,3.6796,vdW,solvent,A,HOH,169,O,5317,O.3,protein,A,GLU,1167,CD,1097,C.2
0,0,0,0,0,0,0,0,0,0,1,0,0,0,0,2.9000,HB_OH_O,solvent,A,HOH,169,O,5317,O.3,protein,A,GLU,1167,OE2,1099,O.co2
0,0,0,0,0,0,0,0,0,0,0,0,0,0,1,3.3014,vdW,solvent,A,HOH,239,O,5509,O.3,protein,A,LYS,1150,CE,832,C.3
0,0,0,0,0,0,0,0,0,0,0,0,1,0,0,3.4523,Elec_NH_O,solvent,A,HOH,239,O,5509,O.3,protein,A,LYS,1150,NZ,835,N.4
0,0,0,0,0,0,0,0,0,0,0,0,0,0,1,2.9483,vdW,solvent,A,HOH,239,O,5509,O.3,protein,A,EDO,802,C2,4788,C.3
0,0,0,0,0,0,0,0,0,0,1,0,0,0,0,2.6997,HB_OH_O,solvent,A,HOH,239,O,5509,O.3,protein,A,EDO,802,O2,4791,O.3
