LP_HB_NH_O,LP_Elec_OH_N,LP_CH_O,LP_CH_N,LP_CH_S,LP_CH_PI,LP_vdW,LS1_HB_NH_O,LS1_HB_OH_N,LS1_Elec_OH_O,LS1_Elec_NH_O,LS1_CH_O,LS1_vdW,S1P_HB_OH_O,S1P_HB_NH_O,S1P_Elec_OH_O,S1P_Elec_NH_O,S1P_CH_O,S1P_vdW,dist,interaction_label,molcular_type,chain,residue,residue_number,atom_name,atom_number,atom_type,partner_molcular_type,partner_chain,partner_residue,partner_residue_number,partner_atom_name,partner_atom_number,partner_atom_type
0,0,0,1,0,0,0,0,0,0,0,0,0,0,0,0,0,0,0,3.9833,CH_N,ligand,A,VHA,237,C10,3424,C.3,protein,A,ASN,106,ND2,1526,N.am
0,0,0,0,0,0,1,0,0,0,0,0,0,0,0,0,0,0,0,3.8438,vdW,ligand,A,VHA,237,C10,3424,C.3,protein,A,LYS,112,NZ,1616,N.4
0,0,0,0,0,0,0,0,0,0,0,1,0,0,0,0,0,0,0,3.8910,CH_O,ligand,A,VHA,237,C10,3424,C.3,solvent,A,HOH,535,O,4364,O.3
0,0,1,0,0,0,0,0,0,0,0,0,0,0,0,0,0,0,0,3.6031,CH_O,ligand,A,VHA,237,C12,3430,C.3,protein,A,ASN,106,OD1,1525,O.2
0,0,0,0,0,0,0,0,0,0,0,0,1,0,0,0,0,0,0,3.7942,vdW,ligand,A,VHA,237,C24,3449,C.ar,solvent,A,HOH,245,O,3494,O.3
0,0,0,0,0,0,0,0,0,0,0,1,0,0,0,0,0,0,0,3.3138,CH_O,ligand,A,VHA,237,C15,3435,C.ar,solvent,A,HOH,296,O,3647,O.3
0,0,0,0,0,0,1,0,0,0,0,0,0,0,0,0,0,0,0,3.3917,vdW,ligand,A,VHA,237,C16,3437,C.ar,protein,A,ASN,106,OD1,1525,O.2
0,0,0,0,0,0,0,0,0,0,0,0,1,0,0,0,0,0,0,3.6836,vdW,ligand,A,VHA,237,C16,3437,C.ar,solvent,A,HOH,252,O,3515,O.3
0,0,0,0,0,0,0,0,0,0,0,1,0,0,0,0,0,0,0,4.0941,CH_O,ligand,A,VHA,237,C1,3407,C.ar,solvent,A,HOH,296,O,3647,O.3
0,0,1,0,0,0,0,0,0,0,0,0,0,0,0,0,0,0,0,3.7274,CH_O,ligand,A,VHA,237,C17,3439,C.ar,protein,A,ASP,102,OD2,1462,O.co2
0,0,0,0,0,0,0,0,0,0,0,0,1,0,0,0,0,0,0,3.4438,vdW,ligand,A,VHA,237,C17,3439,C.ar,solvent,A,HOH,477,O,4190,O.3
0,0,1,0,0,0,0,0,0,0,0,0,0,0,0,0,0,0,0,3.3683,CH_O,ligand,A,VHA,237,C18,3441,C.ar,protein,A,GLY,97,O,1387,O.2
0,0,0,0,0,0,1,0,0,0,0,0,0,0,0,0,0,0,0,3.5764,vdW,ligand,A,VHA,237,C18,3441,C.ar,protein,A,MET,98,CG,1397,C.3
0,0,0,0,0,0,0,0,0,0,0,0,1,0,0,0,0,0,0,3.3437,vdW,ligand,A,VHA,237,C18,3441,C.ar,solvent,A,HOH,477,O,4190,O.3
0,0,0,0,0,0,1,0,0,0,0,0,0,0,0,0,0,0,0,4.0114,vdW,ligand,A,VHA,237,C4,3411,C.3,protein,A,MET,98,CE,1401,C.3
0,0,0,0,0,0,1,0,0,0,0,0,0,0,0,0,0,0,0,4.0367,vdW,ligand,A,VHA,237,C4,3411,C.3,protein,A,LEU,107,CD2,1544,C.3
0,0,0,0,0,0,1,0,0,0,0,0,0,0,0,0,0,0,0,4.2866,vdW,ligand,A,VHA,237,C4,3411,C.3,protein,A,VAL,150,CG1,2164,C.3
0,0,0,0,0,0,0,0,0,0,0,0,1,0,0,0,0,0,0,3.2791,vdW,ligand,A,VHA,237,C4,3411,C.3,solvent,A,HOH,245,O,3494,O.3
0,0,0,0,1,0,0,0,0,0,0,0,0,0,0,0,0,0,0,3.7011,CH_S,ligand,A,VHA,237,S20,3444,S.3,protein,A,ALA,55,CB,712,C.3
0,0,0,0,0,0,1,0,0,0,0,0,0,0,0,0,0,0,0,3.7571,vdW,ligand,A,VHA,237,S20,3444,S.3,protein,A,ILE,96,CG2,1373,C.3
0,0,0,0,0,0,0,0,0,0,0,0,1,0,0,0,0,0,0,3.5422,vdW,ligand,A,VHA,237,S20,3444,S.3,solvent,A,HOH,3,O,3458,O.3
0,0,0,0,0,1,0,0,0,0,0,0,0,0,0,0,0,0,0,4.2124,CH_PI,ligand,A,VHA,237,C21,3445,C.ar,protein,A,MET,98,CE,1401,C.3
0,0,0,0,0,0,0,0,0,0,0,0,1,0,0,0,0,0,0,3.7053,vdW,ligand,A,VHA,237,C21,3445,C.ar,solvent,A,HOH,3,O,3458,O.3
0,0,0,1,0,0,0,0,0,0,0,0,0,0,0,0,0,0,0,3.5142,CH_N,ligand,A,VHA,237,N22,3446,N.ar,protein,A,ALA,55,CB,712,C.3
0,1,0,0,0,0,0,0,0,0,0,0,0,0,0,0,0,0,0,3.5741,Elec_OH_N,ligand,A,VHA,237,N22,3446,N.ar,protein,A,THR,184,OG1,2654,O.3
0,0,0,0,0,0,0,0,1,0,0,0,0,0,0,0,0,0,0,2.9862,HB_OH_N,ligand,A,VHA,237,N22,3446,N.ar,solvent,A,HOH,3,O,3458,O.3
0,0,0,0,0,0,1,0,0,0,0,0,0,0,0,0,0,0,0,3.7377,vdW,ligand,A,VHA,237,C5,3415,C.ar,protein,A,LEU,107,CG,1538,C.3
0,0,0,0,0,0,1,0,0,0,0,0,0,0,0,0,0,0,0,3.4878,vdW,ligand,A,VHA,237,C5,3415,C.ar,protein,A,LEU,107,CD1,1540,C.3
0,0,0,0,0,0,1,0,0,0,0,0,0,0,0,0,0,0,0,3.6305,vdW,ligand,A,VHA,237,C5,3415,C.ar,protein,A,PHE,138,CB,1967,C.3
0,0,0,0,0,0,1,0,0,0,0,0,0,0,0,0,0,0,0,3.6353,vdW,ligand,A,VHA,237,C5,3415,C.ar,protein,A,PHE,138,CD1,1971,C.ar
0,0,0,0,0,0,1,0,0,0,0,0,0,0,0,0,0,0,0,3.7430,vdW,ligand,A,VHA,237,N27,3452,N.pl3,protein,A,SER,52,OG,681,O.3
1,0,0,0,0,0,0,0,0,0,0,0,0,0,0,0,0,0,0,2.8625,HB_NH_O,ligand,A,VHA,237,N27,3452,N.pl3,protein,A,ASP,93,OD2,1340,O.co2
0,0,0,1,0,0,0,0,0,0,0,0,0,0,0,0,0,0,0,3.7014,CH_N,ligand,A,VHA,237,N27,3452,N.pl3,protein,A,THR,184,CB,2652,C.3
0,0,0,0,0,0,0,0,0,0,1,0,0,0,0,0,0,0,0,4.0173,Elec_NH_O,ligand,A,VHA,237,N27,3452,N.pl3,solvent,A,HOH,3,O,3458,O.3
0,0,0,0,0,0,0,1,0,0,0,0,0,0,0,0,0,0,0,3.1674,HB_NH_O,ligand,A,VHA,237,N27,3452,N.pl3,solvent,A,HOH,6,O,3467,O.3
0,0,0,0,0,0,0,0,0,0,1,0,0,0,0,0,0,0,0,3.6015,Elec_NH_O,ligand,A,VHA,237,N27,3452,N.pl3,solvent,A,HOH,7,O,3470,O.3
0,0,0,0,0,0,0,0,0,0,0,0,1,0,0,0,0,0,0,3.7110,vdW,ligand,A,VHA,237,N27,3452,N.pl3,solvent,A,HOH,245,O,3494,O.3
0,0,1,0,0,0,0,0,0,0,0,0,0,0,0,0,0,0,0,3.6519,CH_O,ligand,A,VHA,237,C6,3417,C.ar,protein,A,ASN,106,O,1520,O.2
0,0,0,0,0,0,0,0,0,0,0,0,1,0,0,0,0,0,0,3.5777,vdW,ligand,A,VHA,237,C6,3417,C.ar,solvent,A,HOH,491,O,4232,O.3
0,0,0,1,0,0,0,0,0,0,0,0,0,0,0,0,0,0,0,3.6702,CH_N,ligand,A,VHA,237,N25,3450,N.ar,protein,A,ASN,51,CB,664,C.3
0,0,0,0,0,0,0,0,1,0,0,0,0,0,0,0,0,0,0,2.9409,HB_OH_N,ligand,A,VHA,237,N25,3450,N.ar,solvent,A,HOH,245,O,3494,O.3
0,0,1,0,0,0,0,0,0,0,0,0,0,0,0,0,0,0,0,4.0013,CH_O,ligand,A,VHA,237,O8,3420,O.3,protein,A,ASN,106,CB,1521,C.3
0,0,0,0,0,0,0,0,0,1,0,0,0,0,0,0,0,0,0,3.9269,Elec_OH_O,ligand,A,VHA,237,O8,3420,O.3,solvent,A,HOH,397,O,3950,O.3
0,0,0,0,0,0,1,0,0,0,0,0,0,0,0,0,0,0,0,3.7725,vdW,ligand,A,VHA,237,C23,3447,C.ar,protein,A,MET,98,SD,1400,S.3
0,0,0,0,0,1,0,0,0,0,0,0,0,0,0,0,0,0,0,3.7772,CH_PI,ligand,A,VHA,237,C23,3447,C.ar,protein,A,MET,98,CE,1401,C.3
0,0,0,0,0,0,0,0,0,0,0,0,0,0,0,0,0,0,1,3.2151,vdW,solvent,A,HOH,535,O,4364,O.3,protein,A,LYS,112,CE,1613,C.3
0,0,0,0,0,0,0,0,0,0,0,0,0,0,1,0,0,0,0,3.0005,HB_NH_O,solvent,A,HOH,535,O,4364,O.3,protein,A,LYS,112,NZ,1616,N.4
0,0,0,0,0,0,0,0,0,0,0,0,0,0,0,0,0,0,1,3.5372,vdW,solvent,A,HOH,535,O,4364,O.3,protein,A,GLY,135,CA,1933,C.3
0,0,0,0,0,0,0,0,0,0,0,0,0,0,0,0,0,0,1,3.5130,vdW,solvent,A,HOH,535,O,4364,O.3,protein,A,GLY,135,C,1936,C.2
0,0,0,0,0,0,0,0,0,0,0,0,0,1,0,0,0,0,0,2.7394,HB_OH_O,solvent,A,HOH,535,O,4364,O.3,protein,A,GLY,135,O,1937,O.2
0,0,0,0,0,0,0,0,0,0,0,0,0,0,0,0,0,0,1,3.5568,vdW,solvent,A,HOH,245,O,3494,O.3,protein,A,LEU,48,CD2,624,C.3
0,0,0,0,0,0,0,0,0,0,0,0,0,0,0,0,0,0,1,3.2599,vdW,solvent,A,HOH,245,O,3494,O.3,protein,A,ASN,51,CB,664,C.3
0,0,0,0,0,0,0,0,0,0,0,0,0,0,1,0,0,0,0,2.9999,HB_NH_O,solvent,A,HOH,245,O,3494,O.3,protein,A,ASN,51,ND2,669,N.am
0,0,0,0,0,0,0,0,0,0,0,0,0,0,0,0,0,1,0,4.1747,CH_O,solvent,A,HOH,245,O,3494,O.3,protein,A,PHE,138,CD1,1971,C.ar
0,0,0,0,0,0,0,0,0,0,0,0,0,0,0,0,0,0,1,3.6078,vdW,solvent,A,HOH,296,O,3647,O.3,protein,A,ASN,51,CA,660,C.3
0,0,0,0,0,0,0,0,0,0,0,0,0,1,0,0,0,0,0,2.8357,HB_OH_O,solvent,A,HOH,296,O,3647,O.3,protein,A,ASN,51,O,663,O.2
0,0,0,0,0,0,0,0,0,0,0,0,0,0,0,0,0,0,1,3.8171,vdW,solvent,A,HOH,296,O,3647,O.3,protein,A,ASP,54,CB,700,C.3
0,0,0,0,0,0,0,0,0,0,0,0,0,0,0,1,0,0,0,3.8981,Elec_OH_O,solvent,A,HOH,252,O,3515,O.3,protein,A,ASP,102,OD1,1461,O.co2
0,0,0,0,0,0,0,0,0,0,0,0,0,0,0,0,0,0,1,3.3780,vdW,solvent,A,HOH,252,O,3515,O.3,protein,A,ASN,106,CG,1524,C.2
0,0,0,0,0,0,0,0,0,0,0,0,0,1,0,0,0,0,0,2.7021,HB_OH_O,solvent,A,HOH,252,O,3515,O.3,protein,A,ASN,106,OD1,1525,O.2
0,0,0,0,0,0,0,0,0,0,0,0,0,0,0,0,1,0,0,3.3601,Elec_NH_O,solvent,A,HOH,252,O,3515,O.3,protein,A,ASN,106,ND2,1526,N.am
0,0,0,0,0,0,0,0,0,0,0,0,0,0,0,0,0,0,1,3.9013,vdW,solvent,A,HOH,477,O,4190,O.3,protein,A,ILE,96,CG2,1373,C.3
0,0,0,0,0,0,0,0,0,0,0,0,0,1,0,0,0,0,0,2.9532,HB_OH_O,solvent,A,HOH,477,O,4190,O.3,protein,A,GLY,97,O,1387,O.2
0,0,0,0,0,0,0,0,0,0,0,0,0,1,0,0,0,0,0,2.6513,HB_OH_O,solvent,A,HOH,477,O,4190,O.3,protein,A,ASP,102,OD2,1462,O.co2
0,0,0,0,0,0,0,0,0,0,0,0,0,0,0,0,0,0,1,3.0996,vdW,solvent,A,HOH,477,O,4190,O.3,protein,A,HIS,154,CD2,2238,C.2
0,0,0,0,0,0,0,0,0,0,0,0,0,0,0,0,1,0,0,3.2485,Elec_NH_O,solvent,A,HOH,477,O,4190,O.3,protein,A,HIS,154,NE2,2242,N.pl3
0,0,0,0,0,0,0,0,0,0,0,0,0,0,0,0,0,0,1,3.2989,vdW,solvent,A,HOH,3,O,3458,O.3,protein,A,ALA,55,CB,712,C.3
0,0,0,0,0,0,0,0,0,0,0,0,0,1,0,0,0,0,0,2.7382,HB_OH_O,solvent,A,HOH,3,O,3458,O.3,protein,A,ASP,93,OD1,1339,O.co2
0,0,0,0,0,0,0,0,0,0,0,0,0,0,0,1,0,0,0,3.7183,Elec_OH_O,solvent,A,HOH,3,O,3458,O.3,protein,A,ASP,93,OD2,1340,O.co2
0,0,0,0,0,0,0,0,0,0,0,0,0,0,1,0,0,0,0,3.1065,HB_NH_O,solvent,A,HOH,3,O,3458,O.3,protein,A,GLY,97,N,1381,N.am
0,0,0,0,0,0,0,0,0,0,0,0,0,0,0,0,0,1,0,3.5513,CH_O,solvent,A,HOH,3,O,3458,O.3,protein,A,GLY,97,CA,1383,C.3
0,0,0,0,0,0,0,0,0,0,0,0,0,0,0,0,0,1,0,3.3484,CH_O,solvent,A,HOH,3,O,3458,O.3,protein,A,THR,184,CB,2652,C.3
0,0,0,0,0,0,0,0,0,0,0,0,0,1,0,0,0,0,0,2.8099,HB_OH_O,solvent,A,HOH,3,O,3458,O.3,protein,A,THR,184,OG1,2654,O.3
0,0,0,0,0,0,0,0,0,0,0,0,0,1,0,0,0,0,0,2.9461,HB_OH_O,solvent,A,HOH,6,O,3467,O.3,protein,A,LEU,48,O,614,O.2
0,0,0,0,0,0,0,0,0,0,0,0,0,1,0,0,0,0,0,3.0628,HB_OH_O,solvent,A,HOH,6,O,3467,O.3,protein,A,SER,52,OG,681,O.3
0,0,0,0,0,0,0,0,0,0,0,0,0,0,0,1,0,0,0,3.3688,Elec_OH_O,solvent,A,HOH,7,O,3470,O.3,protein,A,SER,52,OG,681,O.3
0,0,0,0,0,0,0,0,0,0,0,0,0,1,0,0,0,0,0,2.8773,HB_OH_O,solvent,A,HOH,7,O,3470,O.3,protein,A,ILE,91,O,1299,O.2
0,0,0,0,0,0,0,0,0,0,0,0,0,1,0,0,0,0,0,3.0713,HB_OH_O,solvent,A,HOH,7,O,3470,O.3,protein,A,ASP,93,OD2,1340,O.co2
0,0,0,0,0,0,0,0,0,0,0,0,0,1,0,0,0,0,0,3.0388,HB_OH_O,solvent,A,HOH,7,O,3470,O.3,protein,A,THR,184,O,2651,O.2
0,0,0,0,0,0,0,0,0,0,0,0,0,0,0,0,1,0,0,3.8519,Elec_NH_O,solvent,A,HOH,7,O,3470,O.3,protein,A,VAL,186,N,2682,N.am
0,0,0,0,0,0,0,0,0,0,0,0,0,0,0,0,0,1,0,3.6135,CH_O,solvent,A,HOH,7,O,3470,O.3,protein,A,VAL,186,CG2,2694,C.3
0,0,0,0,0,0,0,0,0,0,0,0,0,1,0,0,0,0,0,2.7097,HB_OH_O,solvent,A,HOH,491,O,4232,O.3,protein,A,ASN,106,O,1520,O.2
0,0,0,0,0,0,0,0,0,0,0,0,0,0,0,0,0,1,0,3.2854,CH_O,solvent,A,HOH,491,O,4232,O.3,protein,A,LYS,112,CE,1613,C.3
0,0,0,0,0,0,0,0,0,0,0,0,0,0,0,0,1,0,0,3.5537,Elec_NH_O,solvent,A,HOH,491,O,4232,O.3,protein,A,LYS,112,NZ,1616,N.4
0,0,0,0,0,0,0,0,0,0,0,0,0,0,0,1,0,0,0,3.5545,Elec_OH_O,solvent,A,HOH,397,O,3950,O.3,protein,A,ASN,51,OD1,668,O.2
0,0,0,0,0,0,0,0,0,0,0,0,0,0,1,0,0,0,0,3.1439,HB_NH_O,solvent,A,HOH,397,O,3950,O.3,protein,A,ASN,51,ND2,669,N.am
0,0,0,0,0,0,0,0,0,0,0,0,0,0,1,0,0,0,0,2.8928,HB_NH_O,solvent,A,HOH,397,O,3950,O.3,protein,A,PHE,138,N,1961,N.am
0,0,0,0,0,0,0,0,0,0,0,0,0,0,0,0,0,1,0,3.4290,CH_O,solvent,A,HOH,397,O,3950,O.3,protein,A,PHE,138,CB,1967,C.3
